bedrijfsnaam;aanhef;e-mailadres;branche;branches_alle;is_multi;sub_types;onderwerp;branche_zin;categorie_url;ps_offgrid;persoonlijke_note;verzonden_op;reactie
12Volt Expert;Hallo 12Volt Expert,;info@12voltexpert.nl;off-grid;off-grid;nee;service off-grid;Founding Partner van Nomad4Life â eerste jaar kosteloos;autonoom reizen â stroom, water, accu's, zonnepanelen en alles wat je nodig hebt om los te komen van het net. Dat is precies waar onze community de hele dag mee bezig is.;https://www.nomad4life.com/campers-vans/off-grid;P.S. Specifiek voor off-grid: deze categorie blijkt onze meest gevraagde, en we houden het aantal vermeldingen per sub-categorie (stroom, water, accu's, zonnepanelen, accessoires) bewust beperkt. Op die manier valt iedere partner op in plaats van te verdrinken in een rij logo's. Een paar plekken zijn inmiddels toegezegd â fijn als we elkaar snel kunnen spreken om te kijken of er voor jullie nog een goede positie tussen zit.;;;
Accudienst.nl;Hallo Accudienst.nl,;info@accudienst.nl;off-grid;off-grid;nee;service off-grid;Founding Partner van Nomad4Life â eerste jaar kosteloos;autonoom reizen â stroom, water, accu's, zonnepanelen en alles wat je nodig hebt om los te komen van het net. Dat is precies waar onze community de hele dag mee bezig is.;https://www.nomad4life.com/campers-vans/off-grid;P.S. Specifiek voor off-grid: deze categorie blijkt onze meest gevraagde, en we houden het aantal vermeldingen per sub-categorie (stroom, water, accu's, zonnepanelen, accessoires) bewust beperkt. Op die manier valt iedere partner op in plaats van te verdrinken in een rij logo's. Een paar plekken zijn inmiddels toegezegd â fijn als we elkaar snel kunnen spreken om te kijken of er voor jullie nog een goede positie tussen zit.;;;
Acculaders.nl (Media 73 BV);Hallo Acculaders.nl (Media 73 BV),;info@acculaders.nl;off-grid;off-grid;nee;off-grid;Founding Partner van Nomad4Life â eerste jaar kosteloos;autonoom reizen â stroom, water, accu's, zonnepanelen en alles wat je nodig hebt om los te komen van het net. Dat is precies waar onze community de hele dag mee bezig is.;https://www.nomad4life.com/campers-vans/off-grid;P.S. Specifiek voor off-grid: deze categorie blijkt onze meest gevraagde, en we houden het aantal vermeldingen per sub-categorie (stroom, water, accu's, zonnepanelen, accessoires) bewust beperkt. Op die manier valt iedere partner op in plaats van te verdrinken in een rij logo's. Een paar plekken zijn inmiddels toegezegd â fijn als we elkaar snel kunnen spreken om te kijken of er voor jullie nog een goede positie tussen zit.;;;
Accushop / Accuhandel Utrecht;Hallo Accushop / Accuhandel Utrecht,;info@accushop.nl;off-grid;off-grid;nee;off-grid;Founding Partner van Nomad4Life â eerste jaar kosteloos;autonoom reizen â stroom, water, accu's, zonnepanelen en alles wat je nodig hebt om los te komen van het net. Dat is precies waar onze community de hele dag mee bezig is.;https://www.nomad4life.com/campers-vans/off-grid;P.S. Specifiek voor off-grid: deze categorie blijkt onze meest gevraagde, en we houden het aantal vermeldingen per sub-categorie (stroom, water, accu's, zonnepanelen, accessoires) bewust beperkt. Op die manier valt iedere partner op in plaats van te verdrinken in een rij logo's. Een paar plekken zijn inmiddels toegezegd â fijn als we elkaar snel kunnen spreken om te kijken of er voor jullie nog een goede positie tussen zit.;;;
Accuweb.nl;Hallo Accuweb.nl,;info@accuweb.nl;off-grid;off-grid;nee;service off-grid;Founding Partner van Nomad4Life â eerste jaar kosteloos;autonoom reizen â stroom, water, accu's, zonnepanelen en alles wat je nodig hebt om los te komen van het net. Dat is precies waar onze community de hele dag mee bezig is.;https://www.nomad4life.com/campers-vans/off-grid;P.S. Specifiek voor off-grid: deze categorie blijkt onze meest gevraagde, en we houden het aantal vermeldingen per sub-categorie (stroom, water, accu's, zonnepanelen, accessoires) bewust beperkt. Op die manier valt iedere partner op in plaats van te verdrinken in een rij logo's. Een paar plekken zijn inmiddels toegezegd â fijn als we elkaar snel kunnen spreken om te kijken of er voor jullie nog een goede positie tussen zit.;;;
Aquatec Europe NL;Hallo Aquatec Europe NL,;info@aquatec.com;off-grid;off-grid;nee;service off-grid;Founding Partner van Nomad4Life â eerste jaar kosteloos;autonoom reizen â stroom, water, accu's, zonnepanelen en alles wat je nodig hebt om los te komen van het net. Dat is precies waar onze community de hele dag mee bezig is.;https://www.nomad4life.com/campers-vans/off-grid;P.S. Specifiek voor off-grid: deze categorie blijkt onze meest gevraagde, en we houden het aantal vermeldingen per sub-categorie (stroom, water, accu's, zonnepanelen, accessoires) bewust beperkt. Op die manier valt iedere partner op in plaats van te verdrinken in een rij logo's. Een paar plekken zijn inmiddels toegezegd â fijn als we elkaar snel kunnen spreken om te kijken of er voor jullie nog een goede positie tussen zit.;;;
Armaflex;Hallo Armaflex,;info@armacell.com;off-grid;off-grid;nee;service off-grid;Founding Partner van Nomad4Life â eerste jaar kosteloos;autonoom reizen â stroom, water, accu's, zonnepanelen en alles wat je nodig hebt om los te komen van het net. Dat is precies waar onze community de hele dag mee bezig is.;https://www.nomad4life.com/campers-vans/off-grid;P.S. Specifiek voor off-grid: deze categorie blijkt onze meest gevraagde, en we houden het aantal vermeldingen per sub-categorie (stroom, water, accu's, zonnepanelen, accessoires) bewust beperkt. Op die manier valt iedere partner op in plaats van te verdrinken in een rij logo's. Een paar plekken zijn inmiddels toegezegd â fijn als we elkaar snel kunnen spreken om te kijken of er voor jullie nog een goede positie tussen zit.;;;
AutonoomStroom.nl;Hallo AutonoomStroom.nl,;info@autonoomstroom.nl;off-grid;off-grid;nee;service off-grid;Founding Partner van Nomad4Life â eerste jaar kosteloos;autonoom reizen â stroom, water, accu's, zonnepanelen en alles wat je nodig hebt om los te komen van het net. Dat is precies waar onze community de hele dag mee bezig is.;https://www.nomad4life.com/campers-vans/off-grid;P.S. Specifiek voor off-grid: deze categorie blijkt onze meest gevraagde, en we houden het aantal vermeldingen per sub-categorie (stroom, water, accu's, zonnepanelen, accessoires) bewust beperkt. Op die manier valt iedere partner op in plaats van te verdrinken in een rij logo's. Een paar plekken zijn inmiddels toegezegd â fijn als we elkaar snel kunnen spreken om te kijken of er voor jullie nog een goede positie tussen zit.;;;
BasCampers;Hallo BasCampers,;info@bascampers.nl;off-grid;off-grid;nee;service off-grid;Founding Partner van Nomad4Life â eerste jaar kosteloos;autonoom reizen â stroom, water, accu's, zonnepanelen en alles wat je nodig hebt om los te komen van het net. Dat is precies waar onze community de hele dag mee bezig is.;https://www.nomad4life.com/campers-vans/off-grid;P.S. Specifiek voor off-grid: deze categorie blijkt onze meest gevraagde, en we houden het aantal vermeldingen per sub-categorie (stroom, water, accu's, zonnepanelen, accessoires) bewust beperkt. Op die manier valt iedere partner op in plaats van te verdrinken in een rij logo's. Een paar plekken zijn inmiddels toegezegd â fijn als we elkaar snel kunnen spreken om te kijken of er voor jullie nog een goede positie tussen zit.;;;
Battery Supplies NL;Hallo Battery Supplies NL,;info@batterysupplies.nl;off-grid;off-grid;nee;service off-grid;Founding Partner van Nomad4Life â eerste jaar kosteloos;autonoom reizen â stroom, water, accu's, zonnepanelen en alles wat je nodig hebt om los te komen van het net. Dat is precies waar onze community de hele dag mee bezig is.;https://www.nomad4life.com/campers-vans/off-grid;P.S. Specifiek voor off-grid: deze categorie blijkt onze meest gevraagde, en we houden het aantal vermeldingen per sub-categorie (stroom, water, accu's, zonnepanelen, accessoires) bewust beperkt. Op die manier valt iedere partner op in plaats van te verdrinken in een rij logo's. Een paar plekken zijn inmiddels toegezegd â fijn als we elkaar snel kunnen spreken om te kijken of er voor jullie nog een goede positie tussen zit.;;;
Battle Born Batteries;Hallo Battle Born Batteries,;contact@battlebornbatteries.com;off-grid;off-grid;nee;service off-grid;Founding Partner van Nomad4Life â eerste jaar kosteloos;autonoom reizen â stroom, water, accu's, zonnepanelen en alles wat je nodig hebt om los te komen van het net. Dat is precies waar onze community de hele dag mee bezig is.;https://www.nomad4life.com/campers-vans/off-grid;P.S. Specifiek voor off-grid: deze categorie blijkt onze meest gevraagde, en we houden het aantal vermeldingen per sub-categorie (stroom, water, accu's, zonnepanelen, accessoires) bewust beperkt. Op die manier valt iedere partner op in plaats van te verdrinken in een rij logo's. Een paar plekken zijn inmiddels toegezegd â fijn als we elkaar snel kunnen spreken om te kijken of er voor jullie nog een goede positie tussen zit.;;;
Blue Powershop;Hallo Blue Powershop,;info@bluepowershop.nl;off-grid;off-grid;nee;service off-grid;Founding Partner van Nomad4Life â eerste jaar kosteloos;autonoom reizen â stroom, water, accu's, zonnepanelen en alles wat je nodig hebt om los te komen van het net. Dat is precies waar onze community de hele dag mee bezig is.;https://www.nomad4life.com/campers-vans/off-grid;P.S. Specifiek voor off-grid: deze categorie blijkt onze meest gevraagde, en we houden het aantal vermeldingen per sub-categorie (stroom, water, accu's, zonnepanelen, accessoires) bewust beperkt. Op die manier valt iedere partner op in plaats van te verdrinken in een rij logo's. Een paar plekken zijn inmiddels toegezegd â fijn als we elkaar snel kunnen spreken om te kijken of er voor jullie nog een goede positie tussen zit.;;;
Bluetti;Hallo Bluetti,;sale-eu@bluettipower.com;off-grid;off-grid;nee;service off-grid;Founding Partner van Nomad4Life â eerste jaar kosteloos;autonoom reizen â stroom, water, accu's, zonnepanelen en alles wat je nodig hebt om los te komen van het net. Dat is precies waar onze community de hele dag mee bezig is.;https://www.nomad4life.com/campers-vans/off-grid;P.S. Specifiek voor off-grid: deze categorie blijkt onze meest gevraagde, en we houden het aantal vermeldingen per sub-categorie (stroom, water, accu's, zonnepanelen, accessoires) bewust beperkt. Op die manier valt iedere partner op in plaats van te verdrinken in een rij logo's. Een paar plekken zijn inmiddels toegezegd â fijn als we elkaar snel kunnen spreken om te kijken of er voor jullie nog een goede positie tussen zit.;;;
Camper Solar Center;Hallo Camper Solar Center,;info@campersolarcenter.nl;off-grid;off-grid;nee;service off-grid;Founding Partner van Nomad4Life â eerste jaar kosteloos;autonoom reizen â stroom, water, accu's, zonnepanelen en alles wat je nodig hebt om los te komen van het net. Dat is precies waar onze community de hele dag mee bezig is.;https://www.nomad4life.com/campers-vans/off-grid;P.S. Specifiek voor off-grid: deze categorie blijkt onze meest gevraagde, en we houden het aantal vermeldingen per sub-categorie (stroom, water, accu's, zonnepanelen, accessoires) bewust beperkt. Op die manier valt iedere partner op in plaats van te verdrinken in een rij logo's. Een paar plekken zijn inmiddels toegezegd â fijn als we elkaar snel kunnen spreken om te kijken of er voor jullie nog een goede positie tussen zit.;;;
Camperbouw Brabant;Hallo Camperbouw Brabant,;info@camperbouwbrabant.nl;off-grid;off-grid;nee;service off-grid;Founding Partner van Nomad4Life â eerste jaar kosteloos;autonoom reizen â stroom, water, accu's, zonnepanelen en alles wat je nodig hebt om los te komen van het net. Dat is precies waar onze community de hele dag mee bezig is.;https://www.nomad4life.com/campers-vans/off-grid;P.S. Specifiek voor off-grid: deze categorie blijkt onze meest gevraagde, en we houden het aantal vermeldingen per sub-categorie (stroom, water, accu's, zonnepanelen, accessoires) bewust beperkt. Op die manier valt iedere partner op in plaats van te verdrinken in een rij logo's. Een paar plekken zijn inmiddels toegezegd â fijn als we elkaar snel kunnen spreken om te kijken of er voor jullie nog een goede positie tussen zit.;;;
Camperbouw Holland;Hallo Camperbouw Holland,;info@camperbouw.nl;off-grid;off-grid;nee;service off-grid;Founding Partner van Nomad4Life â eerste jaar kosteloos;autonoom reizen â stroom, water, accu's, zonnepanelen en alles wat je nodig hebt om los te komen van het net. Dat is precies waar onze community de hele dag mee bezig is.;https://www.nomad4life.com/campers-vans/off-grid;P.S. Specifiek voor off-grid: deze categorie blijkt onze meest gevraagde, en we houden het aantal vermeldingen per sub-categorie (stroom, water, accu's, zonnepanelen, accessoires) bewust beperkt. Op die manier valt iedere partner op in plaats van te verdrinken in een rij logo's. Een paar plekken zijn inmiddels toegezegd â fijn als we elkaar snel kunnen spreken om te kijken of er voor jullie nog een goede positie tussen zit.;;;
CamperElektra.nl;Hallo CamperElektra.nl,;info@camperelektra.nl;off-grid;off-grid;nee;service off-grid;Founding Partner van Nomad4Life â eerste jaar kosteloos;autonoom reizen â stroom, water, accu's, zonnepanelen en alles wat je nodig hebt om los te komen van het net. Dat is precies waar onze community de hele dag mee bezig is.;https://www.nomad4life.com/campers-vans/off-grid;P.S. Specifiek voor off-grid: deze categorie blijkt onze meest gevraagde, en we houden het aantal vermeldingen per sub-categorie (stroom, water, accu's, zonnepanelen, accessoires) bewust beperkt. Op die manier valt iedere partner op in plaats van te verdrinken in een rij logo's. Een paar plekken zijn inmiddels toegezegd â fijn als we elkaar snel kunnen spreken om te kijken of er voor jullie nog een goede positie tussen zit.;;;
Camperfixx;Hallo Camperfixx,;info@camperfixx.nl;off-grid;off-grid;nee;service off-grid;Founding Partner van Nomad4Life â eerste jaar kosteloos;autonoom reizen â stroom, water, accu's, zonnepanelen en alles wat je nodig hebt om los te komen van het net. Dat is precies waar onze community de hele dag mee bezig is.;https://www.nomad4life.com/campers-vans/off-grid;P.S. Specifiek voor off-grid: deze categorie blijkt onze meest gevraagde, en we houden het aantal vermeldingen per sub-categorie (stroom, water, accu's, zonnepanelen, accessoires) bewust beperkt. Op die manier valt iedere partner op in plaats van te verdrinken in een rij logo's. Een paar plekken zijn inmiddels toegezegd â fijn als we elkaar snel kunnen spreken om te kijken of er voor jullie nog een goede positie tussen zit.;;;
Camperhomie;Hallo Camperhomie,;info@camperhomie.com;off-grid;off-grid;nee;off-grid;Founding Partner van Nomad4Life â eerste jaar kosteloos;autonoom reizen â stroom, water, accu's, zonnepanelen en alles wat je nodig hebt om los te komen van het net. Dat is precies waar onze community de hele dag mee bezig is.;https://www.nomad4life.com/campers-vans/off-grid;P.S. Specifiek voor off-grid: deze categorie blijkt onze meest gevraagde, en we houden het aantal vermeldingen per sub-categorie (stroom, water, accu's, zonnepanelen, accessoires) bewust beperkt. Op die manier valt iedere partner op in plaats van te verdrinken in een rij logo's. Een paar plekken zijn inmiddels toegezegd â fijn als we elkaar snel kunnen spreken om te kijken of er voor jullie nog een goede positie tussen zit.;;;
Camperlithium;Hallo Camperlithium,;info@camperlithium.nl;off-grid;off-grid;nee;off-grid;Founding Partner van Nomad4Life â eerste jaar kosteloos;autonoom reizen â stroom, water, accu's, zonnepanelen en alles wat je nodig hebt om los te komen van het net. Dat is precies waar onze community de hele dag mee bezig is.;https://www.nomad4life.com/campers-vans/off-grid;P.S. Specifiek voor off-grid: deze categorie blijkt onze meest gevraagde, en we houden het aantal vermeldingen per sub-categorie (stroom, water, accu's, zonnepanelen, accessoires) bewust beperkt. Op die manier valt iedere partner op in plaats van te verdrinken in een rij logo's. Een paar plekken zijn inmiddels toegezegd â fijn als we elkaar snel kunnen spreken om te kijken of er voor jullie nog een goede positie tussen zit.;;;
Camperpassie;Hallo Camperpassie,;info@camperpassie.nl;off-grid;off-grid;nee;service off-grid;Founding Partner van Nomad4Life â eerste jaar kosteloos;autonoom reizen â stroom, water, accu's, zonnepanelen en alles wat je nodig hebt om los te komen van het net. Dat is precies waar onze community de hele dag mee bezig is.;https://www.nomad4life.com/campers-vans/off-grid;P.S. Specifiek voor off-grid: deze categorie blijkt onze meest gevraagde, en we houden het aantal vermeldingen per sub-categorie (stroom, water, accu's, zonnepanelen, accessoires) bewust beperkt. Op die manier valt iedere partner op in plaats van te verdrinken in een rij logo's. Een paar plekken zijn inmiddels toegezegd â fijn als we elkaar snel kunnen spreken om te kijken of er voor jullie nog een goede positie tussen zit.;;;
Camperservice Nederland;Hallo Camperservice Nederland,;info@camperservice.nl;off-grid;off-grid;nee;service off-grid;Founding Partner van Nomad4Life â eerste jaar kosteloos;autonoom reizen â stroom, water, accu's, zonnepanelen en alles wat je nodig hebt om los te komen van het net. Dat is precies waar onze community de hele dag mee bezig is.;https://www.nomad4life.com/campers-vans/off-grid;P.S. Specifiek voor off-grid: deze categorie blijkt onze meest gevraagde, en we houden het aantal vermeldingen per sub-categorie (stroom, water, accu's, zonnepanelen, accessoires) bewust beperkt. Op die manier valt iedere partner op in plaats van te verdrinken in een rij logo's. Een paar plekken zijn inmiddels toegezegd â fijn als we elkaar snel kunnen spreken om te kijken of er voor jullie nog een goede positie tussen zit.;;;
Camperwinkel.nl;Hallo Camperwinkel.nl,;info@camperwinkel.nl;off-grid;off-grid;nee;service off-grid;Founding Partner van Nomad4Life â eerste jaar kosteloos;autonoom reizen â stroom, water, accu's, zonnepanelen en alles wat je nodig hebt om los te komen van het net. Dat is precies waar onze community de hele dag mee bezig is.;https://www.nomad4life.com/campers-vans/off-grid;P.S. Specifiek voor off-grid: deze categorie blijkt onze meest gevraagde, en we houden het aantal vermeldingen per sub-categorie (stroom, water, accu's, zonnepanelen, accessoires) bewust beperkt. Op die manier valt iedere partner op in plaats van te verdrinken in een rij logo's. Een paar plekken zijn inmiddels toegezegd â fijn als we elkaar snel kunnen spreken om te kijken of er voor jullie nog een goede positie tussen zit.;;;
Caravan & Camper Comfort;Hallo Caravan & Camper Comfort,;info@caravan-campercomfort.nl;off-grid;off-grid;nee;off-grid;Founding Partner van Nomad4Life â eerste jaar kosteloos;autonoom reizen â stroom, water, accu's, zonnepanelen en alles wat je nodig hebt om los te komen van het net. Dat is precies waar onze community de hele dag mee bezig is.;https://www.nomad4life.com/campers-vans/off-grid;P.S. Specifiek voor off-grid: deze categorie blijkt onze meest gevraagde, en we houden het aantal vermeldingen per sub-categorie (stroom, water, accu's, zonnepanelen, accessoires) bewust beperkt. Op die manier valt iedere partner op in plaats van te verdrinken in een rij logo's. Een paar plekken zijn inmiddels toegezegd â fijn als we elkaar snel kunnen spreken om te kijken of er voor jullie nog een goede positie tussen zit.;;;
Caravancenter Peerdeman;Hallo Caravancenter Peerdeman,;info@caravancenterpeerdeman.nl;off-grid;off-grid;nee;off-grid;Founding Partner van Nomad4Life â eerste jaar kosteloos;autonoom reizen â stroom, water, accu's, zonnepanelen en alles wat je nodig hebt om los te komen van het net. Dat is precies waar onze community de hele dag mee bezig is.;https://www.nomad4life.com/campers-vans/off-grid;P.S. Specifiek voor off-grid: deze categorie blijkt onze meest gevraagde, en we houden het aantal vermeldingen per sub-categorie (stroom, water, accu's, zonnepanelen, accessoires) bewust beperkt. Op die manier valt iedere partner op in plaats van te verdrinken in een rij logo's. Een paar plekken zijn inmiddels toegezegd â fijn als we elkaar snel kunnen spreken om te kijken of er voor jullie nog een goede positie tussen zit.;;;
Comet Pumps NL;Hallo Comet Pumps NL,;info@comet-pumpen.de;off-grid;off-grid;nee;service off-grid;Founding Partner van Nomad4Life â eerste jaar kosteloos;autonoom reizen â stroom, water, accu's, zonnepanelen en alles wat je nodig hebt om los te komen van het net. Dat is precies waar onze community de hele dag mee bezig is.;https://www.nomad4life.com/campers-vans/off-grid;P.S. Specifiek voor off-grid: deze categorie blijkt onze meest gevraagde, en we houden het aantal vermeldingen per sub-categorie (stroom, water, accu's, zonnepanelen, accessoires) bewust beperkt. Op die manier valt iedere partner op in plaats van te verdrinken in een rij logo's. Een paar plekken zijn inmiddels toegezegd â fijn als we elkaar snel kunnen spreken om te kijken of er voor jullie nog een goede positie tussen zit.;;;
Compact Living;Hallo Compact Living,;info@compactliving.be;off-grid;off-grid;nee;off-grid;Founding Partner van Nomad4Life â eerste jaar kosteloos;autonoom reizen â stroom, water, accu's, zonnepanelen en alles wat je nodig hebt om los te komen van het net. Dat is precies waar onze community de hele dag mee bezig is.;https://www.nomad4life.com/campers-vans/off-grid;P.S. Specifiek voor off-grid: deze categorie blijkt onze meest gevraagde, en we houden het aantal vermeldingen per sub-categorie (stroom, water, accu's, zonnepanelen, accessoires) bewust beperkt. Op die manier valt iedere partner op in plaats van te verdrinken in een rij logo's. Een paar plekken zijn inmiddels toegezegd â fijn als we elkaar snel kunnen spreken om te kijken of er voor jullie nog een goede positie tussen zit.;;;
CustomCamp;Hallo CustomCamp,;info@customcamp.nl;off-grid;off-grid;nee;service off-grid;Founding Partner van Nomad4Life â eerste jaar kosteloos;autonoom reizen â stroom, water, accu's, zonnepanelen en alles wat je nodig hebt om los te komen van het net. Dat is precies waar onze community de hele dag mee bezig is.;https://www.nomad4life.com/campers-vans/off-grid;P.S. Specifiek voor off-grid: deze categorie blijkt onze meest gevraagde, en we houden het aantal vermeldingen per sub-categorie (stroom, water, accu's, zonnepanelen, accessoires) bewust beperkt. Op die manier valt iedere partner op in plaats van te verdrinken in een rij logo's. Een paar plekken zijn inmiddels toegezegd â fijn als we elkaar snel kunnen spreken om te kijken of er voor jullie nog een goede positie tussen zit.;;;
DC Energy Systems;Hallo DC Energy Systems,;info@dcenergy.nl;off-grid;off-grid;nee;service off-grid;Founding Partner van Nomad4Life â eerste jaar kosteloos;autonoom reizen â stroom, water, accu's, zonnepanelen en alles wat je nodig hebt om los te komen van het net. Dat is precies waar onze community de hele dag mee bezig is.;https://www.nomad4life.com/campers-vans/off-grid;P.S. Specifiek voor off-grid: deze categorie blijkt onze meest gevraagde, en we houden het aantal vermeldingen per sub-categorie (stroom, water, accu's, zonnepanelen, accessoires) bewust beperkt. Op die manier valt iedere partner op in plaats van te verdrinken in een rij logo's. Een paar plekken zijn inmiddels toegezegd â fijn als we elkaar snel kunnen spreken om te kijken of er voor jullie nog een goede positie tussen zit.;;;
De Campingwinkel;Hallo De Campingwinkel,;info@decampingwinkel.be;off-grid;off-grid;nee;off-grid;Founding Partner van Nomad4Life â eerste jaar kosteloos;autonoom reizen â stroom, water, accu's, zonnepanelen en alles wat je nodig hebt om los te komen van het net. Dat is precies waar onze community de hele dag mee bezig is.;https://www.nomad4life.com/campers-vans/off-grid;P.S. Specifiek voor off-grid: deze categorie blijkt onze meest gevraagde, en we houden het aantal vermeldingen per sub-categorie (stroom, water, accu's, zonnepanelen, accessoires) bewust beperkt. Op die manier valt iedere partner op in plaats van te verdrinken in een rij logo's. Een paar plekken zijn inmiddels toegezegd â fijn als we elkaar snel kunnen spreken om te kijken of er voor jullie nog een goede positie tussen zit.;;;
De Waterfilter;Hallo De Waterfilter,;info@dewaterfilter.nl;off-grid;off-grid;nee;off-grid;Founding Partner van Nomad4Life â eerste jaar kosteloos;autonoom reizen â stroom, water, accu's, zonnepanelen en alles wat je nodig hebt om los te komen van het net. Dat is precies waar onze community de hele dag mee bezig is.;https://www.nomad4life.com/campers-vans/off-grid;P.S. Specifiek voor off-grid: deze categorie blijkt onze meest gevraagde, en we houden het aantal vermeldingen per sub-categorie (stroom, water, accu's, zonnepanelen, accessoires) bewust beperkt. Op die manier valt iedere partner op in plaats van te verdrinken in een rij logo's. Een paar plekken zijn inmiddels toegezegd â fijn als we elkaar snel kunnen spreken om te kijken of er voor jullie nog een goede positie tussen zit.;;;
De Wit Schijndel;Hallo De Wit Schijndel,;info@dewit.nl;off-grid;off-grid;nee;service off-grid;Founding Partner van Nomad4Life â eerste jaar kosteloos;autonoom reizen â stroom, water, accu's, zonnepanelen en alles wat je nodig hebt om los te komen van het net. Dat is precies waar onze community de hele dag mee bezig is.;https://www.nomad4life.com/campers-vans/off-grid;P.S. Specifiek voor off-grid: deze categorie blijkt onze meest gevraagde, en we houden het aantal vermeldingen per sub-categorie (stroom, water, accu's, zonnepanelen, accessoires) bewust beperkt. Op die manier valt iedere partner op in plaats van te verdrinken in een rij logo's. Een paar plekken zijn inmiddels toegezegd â fijn als we elkaar snel kunnen spreken om te kijken of er voor jullie nog een goede positie tussen zit.;;;
Dobbelaere Auto-Elektriciteit;Hallo Dobbelaere Auto-Elektriciteit,;info@dobbelaere-ae.be;off-grid;off-grid;nee;off-grid;Founding Partner van Nomad4Life â eerste jaar kosteloos;autonoom reizen â stroom, water, accu's, zonnepanelen en alles wat je nodig hebt om los te komen van het net. Dat is precies waar onze community de hele dag mee bezig is.;https://www.nomad4life.com/campers-vans/off-grid;P.S. Specifiek voor off-grid: deze categorie blijkt onze meest gevraagde, en we houden het aantal vermeldingen per sub-categorie (stroom, water, accu's, zonnepanelen, accessoires) bewust beperkt. Op die manier valt iedere partner op in plaats van te verdrinken in een rij logo's. Een paar plekken zijn inmiddels toegezegd â fijn als we elkaar snel kunnen spreken om te kijken of er voor jullie nog een goede positie tussen zit.;;;
Dometic;Hallo Dometic,;info@dometic.nl;off-grid;off-grid;nee;service off-grid;Founding Partner van Nomad4Life â eerste jaar kosteloos;autonoom reizen â stroom, water, accu's, zonnepanelen en alles wat je nodig hebt om los te komen van het net. Dat is precies waar onze community de hele dag mee bezig is.;https://www.nomad4life.com/campers-vans/off-grid;P.S. Specifiek voor off-grid: deze categorie blijkt onze meest gevraagde, en we houden het aantal vermeldingen per sub-categorie (stroom, water, accu's, zonnepanelen, accessoires) bewust beperkt. Op die manier valt iedere partner op in plaats van te verdrinken in een rij logo's. Een paar plekken zijn inmiddels toegezegd â fijn als we elkaar snel kunnen spreken om te kijken of er voor jullie nog een goede positie tussen zit.;;;
Drinkwatershop;Hallo Drinkwatershop,;info@drinkwatershop.nl;off-grid;off-grid;nee;service off-grid;Founding Partner van Nomad4Life â eerste jaar kosteloos;autonoom reizen â stroom, water, accu's, zonnepanelen en alles wat je nodig hebt om los te komen van het net. Dat is precies waar onze community de hele dag mee bezig is.;https://www.nomad4life.com/campers-vans/off-grid;P.S. Specifiek voor off-grid: deze categorie blijkt onze meest gevraagde, en we houden het aantal vermeldingen per sub-categorie (stroom, water, accu's, zonnepanelen, accessoires) bewust beperkt. Op die manier valt iedere partner op in plaats van te verdrinken in een rij logo's. Een paar plekken zijn inmiddels toegezegd â fijn als we elkaar snel kunnen spreken om te kijken of er voor jullie nog een goede positie tussen zit.;;;
Easyfit Campers;Hallo Easyfit Campers,;info@easyfitcampers.nl;off-grid;off-grid;nee;service off-grid;Founding Partner van Nomad4Life â eerste jaar kosteloos;autonoom reizen â stroom, water, accu's, zonnepanelen en alles wat je nodig hebt om los te komen van het net. Dat is precies waar onze community de hele dag mee bezig is.;https://www.nomad4life.com/campers-vans/off-grid;P.S. Specifiek voor off-grid: deze categorie blijkt onze meest gevraagde, en we houden het aantal vermeldingen per sub-categorie (stroom, water, accu's, zonnepanelen, accessoires) bewust beperkt. Op die manier valt iedere partner op in plaats van te verdrinken in een rij logo's. Een paar plekken zijn inmiddels toegezegd â fijn als we elkaar snel kunnen spreken om te kijken of er voor jullie nog een goede positie tussen zit.;;;
EcoFlow;Hallo EcoFlow,;support@ecoflow.com;off-grid;off-grid;nee;service off-grid;Founding Partner van Nomad4Life â eerste jaar kosteloos;autonoom reizen â stroom, water, accu's, zonnepanelen en alles wat je nodig hebt om los te komen van het net. Dat is precies waar onze community de hele dag mee bezig is.;https://www.nomad4life.com/campers-vans/off-grid;P.S. Specifiek voor off-grid: deze categorie blijkt onze meest gevraagde, en we houden het aantal vermeldingen per sub-categorie (stroom, water, accu's, zonnepanelen, accessoires) bewust beperkt. Op die manier valt iedere partner op in plaats van te verdrinken in een rij logo's. Een paar plekken zijn inmiddels toegezegd â fijn als we elkaar snel kunnen spreken om te kijken of er voor jullie nog een goede positie tussen zit.;;;
EcoHeater Systems;Hallo EcoHeater Systems,;info@ecoheater.nl;off-grid;off-grid;nee;service off-grid;Founding Partner van Nomad4Life â eerste jaar kosteloos;autonoom reizen â stroom, water, accu's, zonnepanelen en alles wat je nodig hebt om los te komen van het net. Dat is precies waar onze community de hele dag mee bezig is.;https://www.nomad4life.com/campers-vans/off-grid;P.S. Specifiek voor off-grid: deze categorie blijkt onze meest gevraagde, en we houden het aantal vermeldingen per sub-categorie (stroom, water, accu's, zonnepanelen, accessoires) bewust beperkt. Op die manier valt iedere partner op in plaats van te verdrinken in een rij logo's. Een paar plekken zijn inmiddels toegezegd â fijn als we elkaar snel kunnen spreken om te kijken of er voor jullie nog een goede positie tussen zit.;;;
Ective Offgrid Systems;Hallo Ective Offgrid Systems,;info@ectiveoffgridsystems.nl;off-grid;off-grid;nee;off-grid;Founding Partner van Nomad4Life â eerste jaar kosteloos;autonoom reizen â stroom, water, accu's, zonnepanelen en alles wat je nodig hebt om los te komen van het net. Dat is precies waar onze community de hele dag mee bezig is.;https://www.nomad4life.com/campers-vans/off-grid;P.S. Specifiek voor off-grid: deze categorie blijkt onze meest gevraagde, en we houden het aantal vermeldingen per sub-categorie (stroom, water, accu's, zonnepanelen, accessoires) bewust beperkt. Op die manier valt iedere partner op in plaats van te verdrinken in een rij logo's. Een paar plekken zijn inmiddels toegezegd â fijn als we elkaar snel kunnen spreken om te kijken of er voor jullie nog een goede positie tussen zit.;;;
Enerprof;Hallo Enerprof,;info@enerprof.nl;off-grid;off-grid;nee;service off-grid;Founding Partner van Nomad4Life â eerste jaar kosteloos;autonoom reizen â stroom, water, accu's, zonnepanelen en alles wat je nodig hebt om los te komen van het net. Dat is precies waar onze community de hele dag mee bezig is.;https://www.nomad4life.com/campers-vans/off-grid;P.S. Specifiek voor off-grid: deze categorie blijkt onze meest gevraagde, en we houden het aantal vermeldingen per sub-categorie (stroom, water, accu's, zonnepanelen, accessoires) bewust beperkt. Op die manier valt iedere partner op in plaats van te verdrinken in een rij logo's. Een paar plekken zijn inmiddels toegezegd â fijn als we elkaar snel kunnen spreken om te kijken of er voor jullie nog een goede positie tussen zit.;;;
Faraday Energy;Hallo Faraday Energy,;info@faradayenergy.nl;off-grid;off-grid;nee;off-grid;Founding Partner van Nomad4Life â eerste jaar kosteloos;autonoom reizen â stroom, water, accu's, zonnepanelen en alles wat je nodig hebt om los te komen van het net. Dat is precies waar onze community de hele dag mee bezig is.;https://www.nomad4life.com/campers-vans/off-grid;P.S. Specifiek voor off-grid: deze categorie blijkt onze meest gevraagde, en we houden het aantal vermeldingen per sub-categorie (stroom, water, accu's, zonnepanelen, accessoires) bewust beperkt. Op die manier valt iedere partner op in plaats van te verdrinken in een rij logo's. Een paar plekken zijn inmiddels toegezegd â fijn als we elkaar snel kunnen spreken om te kijken of er voor jullie nog een goede positie tussen zit.;;;
Glaravans;Hallo Glaravans,;info@glaravans.com;off-grid;off-grid;nee;off-grid;Founding Partner van Nomad4Life â eerste jaar kosteloos;autonoom reizen â stroom, water, accu's, zonnepanelen en alles wat je nodig hebt om los te komen van het net. Dat is precies waar onze community de hele dag mee bezig is.;https://www.nomad4life.com/campers-vans/off-grid;P.S. Specifiek voor off-grid: deze categorie blijkt onze meest gevraagde, en we houden het aantal vermeldingen per sub-categorie (stroom, water, accu's, zonnepanelen, accessoires) bewust beperkt. Op die manier valt iedere partner op in plaats van te verdrinken in een rij logo's. Een paar plekken zijn inmiddels toegezegd â fijn als we elkaar snel kunnen spreken om te kijken of er voor jullie nog een goede positie tussen zit.;;;
Green Energy Shop;Hallo Green Energy Shop,;info@greenenergyshop.nl;off-grid;off-grid;nee;service off-grid;Founding Partner van Nomad4Life â eerste jaar kosteloos;autonoom reizen â stroom, water, accu's, zonnepanelen en alles wat je nodig hebt om los te komen van het net. Dat is precies waar onze community de hele dag mee bezig is.;https://www.nomad4life.com/campers-vans/off-grid;P.S. Specifiek voor off-grid: deze categorie blijkt onze meest gevraagde, en we houden het aantal vermeldingen per sub-categorie (stroom, water, accu's, zonnepanelen, accessoires) bewust beperkt. Op die manier valt iedere partner op in plaats van te verdrinken in een rij logo's. Een paar plekken zijn inmiddels toegezegd â fijn als we elkaar snel kunnen spreken om te kijken of er voor jullie nog een goede positie tussen zit.;;;
Grijswater Shop;Hallo Grijswater Shop,;info@grijswatershop.nl;off-grid;off-grid;nee;service off-grid;Founding Partner van Nomad4Life â eerste jaar kosteloos;autonoom reizen â stroom, water, accu's, zonnepanelen en alles wat je nodig hebt om los te komen van het net. Dat is precies waar onze community de hele dag mee bezig is.;https://www.nomad4life.com/campers-vans/off-grid;P.S. Specifiek voor off-grid: deze categorie blijkt onze meest gevraagde, en we houden het aantal vermeldingen per sub-categorie (stroom, water, accu's, zonnepanelen, accessoires) bewust beperkt. Op die manier valt iedere partner op in plaats van te verdrinken in een rij logo's. Een paar plekken zijn inmiddels toegezegd â fijn als we elkaar snel kunnen spreken om te kijken of er voor jullie nog een goede positie tussen zit.;;;
Jasicamp;Hallo Jasicamp,;info@jasicamp.nl;off-grid;off-grid;nee;off-grid;Founding Partner van Nomad4Life â eerste jaar kosteloos;autonoom reizen â stroom, water, accu's, zonnepanelen en alles wat je nodig hebt om los te komen van het net. Dat is precies waar onze community de hele dag mee bezig is.;https://www.nomad4life.com/campers-vans/off-grid;P.S. Specifiek voor off-grid: deze categorie blijkt onze meest gevraagde, en we houden het aantal vermeldingen per sub-categorie (stroom, water, accu's, zonnepanelen, accessoires) bewust beperkt. Op die manier valt iedere partner op in plaats van te verdrinken in een rij logo's. Een paar plekken zijn inmiddels toegezegd â fijn als we elkaar snel kunnen spreken om te kijken of er voor jullie nog een goede positie tussen zit.;;;
JWG Campers;Hallo JWG Campers,;info@jwgcampers.nl;off-grid;off-grid;nee;service off-grid;Founding Partner van Nomad4Life â eerste jaar kosteloos;autonoom reizen â stroom, water, accu's, zonnepanelen en alles wat je nodig hebt om los te komen van het net. Dat is precies waar onze community de hele dag mee bezig is.;https://www.nomad4life.com/campers-vans/off-grid;P.S. Specifiek voor off-grid: deze categorie blijkt onze meest gevraagde, en we houden het aantal vermeldingen per sub-categorie (stroom, water, accu's, zonnepanelen, accessoires) bewust beperkt. Op die manier valt iedere partner op in plaats van te verdrinken in een rij logo's. Een paar plekken zijn inmiddels toegezegd â fijn als we elkaar snel kunnen spreken om te kijken of er voor jullie nog een goede positie tussen zit.;;;
Lavida Campers;Hallo Lavida Campers,;info@lavida.nl;off-grid;off-grid;nee;service off-grid;Founding Partner van Nomad4Life â eerste jaar kosteloos;autonoom reizen â stroom, water, accu's, zonnepanelen en alles wat je nodig hebt om los te komen van het net. Dat is precies waar onze community de hele dag mee bezig is.;https://www.nomad4life.com/campers-vans/off-grid;P.S. Specifiek voor off-grid: deze categorie blijkt onze meest gevraagde, en we houden het aantal vermeldingen per sub-categorie (stroom, water, accu's, zonnepanelen, accessoires) bewust beperkt. Op die manier valt iedere partner op in plaats van te verdrinken in een rij logo's. Een paar plekken zijn inmiddels toegezegd â fijn als we elkaar snel kunnen spreken om te kijken of er voor jullie nog een goede positie tussen zit.;;;
Liontron;Hallo Liontron,;info@liontron.com;off-grid;off-grid;nee;service off-grid;Founding Partner van Nomad4Life â eerste jaar kosteloos;autonoom reizen â stroom, water, accu's, zonnepanelen en alles wat je nodig hebt om los te komen van het net. Dat is precies waar onze community de hele dag mee bezig is.;https://www.nomad4life.com/campers-vans/off-grid;P.S. Specifiek voor off-grid: deze categorie blijkt onze meest gevraagde, en we houden het aantal vermeldingen per sub-categorie (stroom, water, accu's, zonnepanelen, accessoires) bewust beperkt. Op die manier valt iedere partner op in plaats van te verdrinken in een rij logo's. Een paar plekken zijn inmiddels toegezegd â fijn als we elkaar snel kunnen spreken om te kijken of er voor jullie nog een goede positie tussen zit.;;;
LithiumAccuShop;Hallo LithiumAccuShop,;info@lithiumaccushop.nl;off-grid;off-grid;nee;service off-grid;Founding Partner van Nomad4Life â eerste jaar kosteloos;autonoom reizen â stroom, water, accu's, zonnepanelen en alles wat je nodig hebt om los te komen van het net. Dat is precies waar onze community de hele dag mee bezig is.;https://www.nomad4life.com/campers-vans/off-grid;P.S. Specifiek voor off-grid: deze categorie blijkt onze meest gevraagde, en we houden het aantal vermeldingen per sub-categorie (stroom, water, accu's, zonnepanelen, accessoires) bewust beperkt. Op die manier valt iedere partner op in plaats van te verdrinken in een rij logo's. Een paar plekken zijn inmiddels toegezegd â fijn als we elkaar snel kunnen spreken om te kijken of er voor jullie nog een goede positie tussen zit.;;;
Maxxair;Hallo Maxxair,;info@airxcel.com;off-grid;off-grid;nee;service off-grid;Founding Partner van Nomad4Life â eerste jaar kosteloos;autonoom reizen â stroom, water, accu's, zonnepanelen en alles wat je nodig hebt om los te komen van het net. Dat is precies waar onze community de hele dag mee bezig is.;https://www.nomad4life.com/campers-vans/off-grid;P.S. Specifiek voor off-grid: deze categorie blijkt onze meest gevraagde, en we houden het aantal vermeldingen per sub-categorie (stroom, water, accu's, zonnepanelen, accessoires) bewust beperkt. Op die manier valt iedere partner op in plaats van te verdrinken in een rij logo's. Een paar plekken zijn inmiddels toegezegd â fijn als we elkaar snel kunnen spreken om te kijken of er voor jullie nog een goede positie tussen zit.;;;
Mobile Home Repairs;Hallo Mobile Home Repairs,;info@mobilehomerepairs.nl;off-grid;off-grid;nee;off-grid;Founding Partner van Nomad4Life â eerste jaar kosteloos;autonoom reizen â stroom, water, accu's, zonnepanelen en alles wat je nodig hebt om los te komen van het net. Dat is precies waar onze community de hele dag mee bezig is.;https://www.nomad4life.com/campers-vans/off-grid;P.S. Specifiek voor off-grid: deze categorie blijkt onze meest gevraagde, en we houden het aantal vermeldingen per sub-categorie (stroom, water, accu's, zonnepanelen, accessoires) bewust beperkt. Op die manier valt iedere partner op in plaats van te verdrinken in een rij logo's. Een paar plekken zijn inmiddels toegezegd â fijn als we elkaar snel kunnen spreken om te kijken of er voor jullie nog een goede positie tussen zit.;;;
Navex Elektro;Hallo Navex Elektro,;info@navexelektro.be;off-grid;off-grid;nee;off-grid;Founding Partner van Nomad4Life â eerste jaar kosteloos;autonoom reizen â stroom, water, accu's, zonnepanelen en alles wat je nodig hebt om los te komen van het net. Dat is precies waar onze community de hele dag mee bezig is.;https://www.nomad4life.com/campers-vans/off-grid;P.S. Specifiek voor off-grid: deze categorie blijkt onze meest gevraagde, en we houden het aantal vermeldingen per sub-categorie (stroom, water, accu's, zonnepanelen, accessoires) bewust beperkt. Op die manier valt iedere partner op in plaats van te verdrinken in een rij logo's. Een paar plekken zijn inmiddels toegezegd â fijn als we elkaar snel kunnen spreken om te kijken of er voor jullie nog een goede positie tussen zit.;;;
NKC Webshop;Hallo NKC Webshop,;webshop@nkc.nl;off-grid;off-grid;nee;service off-grid;Founding Partner van Nomad4Life â eerste jaar kosteloos;autonoom reizen â stroom, water, accu's, zonnepanelen en alles wat je nodig hebt om los te komen van het net. Dat is precies waar onze community de hele dag mee bezig is.;https://www.nomad4life.com/campers-vans/off-grid;P.S. Specifiek voor off-grid: deze categorie blijkt onze meest gevraagde, en we houden het aantal vermeldingen per sub-categorie (stroom, water, accu's, zonnepanelen, accessoires) bewust beperkt. Op die manier valt iedere partner op in plaats van te verdrinken in een rij logo's. Een paar plekken zijn inmiddels toegezegd â fijn als we elkaar snel kunnen spreken om te kijken of er voor jullie nog een goede positie tussen zit.;;;
Obelink;Hallo Obelink,;klantenservice@obelink.nl;off-grid;off-grid;nee;service off-grid;Founding Partner van Nomad4Life â eerste jaar kosteloos;autonoom reizen â stroom, water, accu's, zonnepanelen en alles wat je nodig hebt om los te komen van het net. Dat is precies waar onze community de hele dag mee bezig is.;https://www.nomad4life.com/campers-vans/off-grid;P.S. Specifiek voor off-grid: deze categorie blijkt onze meest gevraagde, en we houden het aantal vermeldingen per sub-categorie (stroom, water, accu's, zonnepanelen, accessoires) bewust beperkt. Op die manier valt iedere partner op in plaats van te verdrinken in een rij logo's. Een paar plekken zijn inmiddels toegezegd â fijn als we elkaar snel kunnen spreken om te kijken of er voor jullie nog een goede positie tussen zit.;;;
Off Grid Centrum;Hallo Off Grid Centrum,;info@offgridcentrum.nl;off-grid;off-grid;nee;off-grid;Founding Partner van Nomad4Life â eerste jaar kosteloos;autonoom reizen â stroom, water, accu's, zonnepanelen en alles wat je nodig hebt om los te komen van het net. Dat is precies waar onze community de hele dag mee bezig is.;https://www.nomad4life.com/campers-vans/off-grid;P.S. Specifiek voor off-grid: deze categorie blijkt onze meest gevraagde, en we houden het aantal vermeldingen per sub-categorie (stroom, water, accu's, zonnepanelen, accessoires) bewust beperkt. Op die manier valt iedere partner op in plaats van te verdrinken in een rij logo's. Een paar plekken zijn inmiddels toegezegd â fijn als we elkaar snel kunnen spreken om te kijken of er voor jullie nog een goede positie tussen zit.;;;
Off Grid Power Station;Hallo Off Grid Power Station,;info@offgridpowerstation.com;off-grid;off-grid;nee;off-grid;Founding Partner van Nomad4Life â eerste jaar kosteloos;autonoom reizen â stroom, water, accu's, zonnepanelen en alles wat je nodig hebt om los te komen van het net. Dat is precies waar onze community de hele dag mee bezig is.;https://www.nomad4life.com/campers-vans/off-grid;P.S. Specifiek voor off-grid: deze categorie blijkt onze meest gevraagde, en we houden het aantal vermeldingen per sub-categorie (stroom, water, accu's, zonnepanelen, accessoires) bewust beperkt. Op die manier valt iedere partner op in plaats van te verdrinken in een rij logo's. Een paar plekken zijn inmiddels toegezegd â fijn als we elkaar snel kunnen spreken om te kijken of er voor jullie nog een goede positie tussen zit.;;;
Off Grid Power Station BE;Hallo Off Grid Power Station BE,;info@offgridpowerstation.be;off-grid;off-grid;nee;off-grid;Founding Partner van Nomad4Life â eerste jaar kosteloos;autonoom reizen â stroom, water, accu's, zonnepanelen en alles wat je nodig hebt om los te komen van het net. Dat is precies waar onze community de hele dag mee bezig is.;https://www.nomad4life.com/campers-vans/off-grid;P.S. Specifiek voor off-grid: deze categorie blijkt onze meest gevraagde, en we houden het aantal vermeldingen per sub-categorie (stroom, water, accu's, zonnepanelen, accessoires) bewust beperkt. Op die manier valt iedere partner op in plaats van te verdrinken in een rij logo's. Een paar plekken zijn inmiddels toegezegd â fijn als we elkaar snel kunnen spreken om te kijken of er voor jullie nog een goede positie tussen zit.;;;
OmvormerShop;Hallo OmvormerShop,;info@omvormershop.nl;off-grid;off-grid;nee;service off-grid;Founding Partner van Nomad4Life â eerste jaar kosteloos;autonoom reizen â stroom, water, accu's, zonnepanelen en alles wat je nodig hebt om los te komen van het net. Dat is precies waar onze community de hele dag mee bezig is.;https://www.nomad4life.com/campers-vans/off-grid;P.S. Specifiek voor off-grid: deze categorie blijkt onze meest gevraagde, en we houden het aantal vermeldingen per sub-categorie (stroom, water, accu's, zonnepanelen, accessoires) bewust beperkt. Op die manier valt iedere partner op in plaats van te verdrinken in een rij logo's. Een paar plekken zijn inmiddels toegezegd â fijn als we elkaar snel kunnen spreken om te kijken of er voor jullie nog een goede positie tussen zit.;;;
Polyplastic;Hallo Polyplastic,;info@polyplastic.nl;off-grid;off-grid;nee;service off-grid;Founding Partner van Nomad4Life â eerste jaar kosteloos;autonoom reizen â stroom, water, accu's, zonnepanelen en alles wat je nodig hebt om los te komen van het net. Dat is precies waar onze community de hele dag mee bezig is.;https://www.nomad4life.com/campers-vans/off-grid;P.S. Specifiek voor off-grid: deze categorie blijkt onze meest gevraagde, en we houden het aantal vermeldingen per sub-categorie (stroom, water, accu's, zonnepanelen, accessoires) bewust beperkt. Op die manier valt iedere partner op in plaats van te verdrinken in een rij logo's. Een paar plekken zijn inmiddels toegezegd â fijn als we elkaar snel kunnen spreken om te kijken of er voor jullie nog een goede positie tussen zit.;;;
Pumptech Nederland;Hallo Pumptech Nederland,;info@pumptech.nl;off-grid;off-grid;nee;service off-grid;Founding Partner van Nomad4Life â eerste jaar kosteloos;autonoom reizen â stroom, water, accu's, zonnepanelen en alles wat je nodig hebt om los te komen van het net. Dat is precies waar onze community de hele dag mee bezig is.;https://www.nomad4life.com/campers-vans/off-grid;P.S. Specifiek voor off-grid: deze categorie blijkt onze meest gevraagde, en we houden het aantal vermeldingen per sub-categorie (stroom, water, accu's, zonnepanelen, accessoires) bewust beperkt. Op die manier valt iedere partner op in plaats van te verdrinken in een rij logo's. Een paar plekken zijn inmiddels toegezegd â fijn als we elkaar snel kunnen spreken om te kijken of er voor jullie nog een goede positie tussen zit.;;;
Reich Benelux;Hallo Reich Benelux,;info@reich-web.com;off-grid;off-grid;nee;service off-grid;Founding Partner van Nomad4Life â eerste jaar kosteloos;autonoom reizen â stroom, water, accu's, zonnepanelen en alles wat je nodig hebt om los te komen van het net. Dat is precies waar onze community de hele dag mee bezig is.;https://www.nomad4life.com/campers-vans/off-grid;P.S. Specifiek voor off-grid: deze categorie blijkt onze meest gevraagde, en we houden het aantal vermeldingen per sub-categorie (stroom, water, accu's, zonnepanelen, accessoires) bewust beperkt. Op die manier valt iedere partner op in plaats van te verdrinken in een rij logo's. Een paar plekken zijn inmiddels toegezegd â fijn als we elkaar snel kunnen spreken om te kijken of er voor jullie nog een goede positie tussen zit.;;;
Reimo;Hallo Reimo,;info@reimo.nl;off-grid;off-grid;nee;service off-grid;Founding Partner van Nomad4Life â eerste jaar kosteloos;autonoom reizen â stroom, water, accu's, zonnepanelen en alles wat je nodig hebt om los te komen van het net. Dat is precies waar onze community de hele dag mee bezig is.;https://www.nomad4life.com/campers-vans/off-grid;P.S. Specifiek voor off-grid: deze categorie blijkt onze meest gevraagde, en we houden het aantal vermeldingen per sub-categorie (stroom, water, accu's, zonnepanelen, accessoires) bewust beperkt. Op die manier valt iedere partner op in plaats van te verdrinken in een rij logo's. Een paar plekken zijn inmiddels toegezegd â fijn als we elkaar snel kunnen spreken om te kijken of er voor jullie nog een goede positie tussen zit.;;;
Renogy;Hallo Renogy,;support@renogy.com;off-grid;off-grid;nee;service off-grid;Founding Partner van Nomad4Life â eerste jaar kosteloos;autonoom reizen â stroom, water, accu's, zonnepanelen en alles wat je nodig hebt om los te komen van het net. Dat is precies waar onze community de hele dag mee bezig is.;https://www.nomad4life.com/campers-vans/off-grid;P.S. Specifiek voor off-grid: deze categorie blijkt onze meest gevraagde, en we houden het aantal vermeldingen per sub-categorie (stroom, water, accu's, zonnepanelen, accessoires) bewust beperkt. Op die manier valt iedere partner op in plaats van te verdrinken in een rij logo's. Een paar plekken zijn inmiddels toegezegd â fijn als we elkaar snel kunnen spreken om te kijken of er voor jullie nog een goede positie tussen zit.;;;
Rijks Techniek;Hallo Rijks Techniek,;info@rijkstechniek.nl;off-grid;off-grid;nee;off-grid;Founding Partner van Nomad4Life â eerste jaar kosteloos;autonoom reizen â stroom, water, accu's, zonnepanelen en alles wat je nodig hebt om los te komen van het net. Dat is precies waar onze community de hele dag mee bezig is.;https://www.nomad4life.com/campers-vans/off-grid;P.S. Specifiek voor off-grid: deze categorie blijkt onze meest gevraagde, en we houden het aantal vermeldingen per sub-categorie (stroom, water, accu's, zonnepanelen, accessoires) bewust beperkt. Op die manier valt iedere partner op in plaats van te verdrinken in een rij logo's. Een paar plekken zijn inmiddels toegezegd â fijn als we elkaar snel kunnen spreken om te kijken of er voor jullie nog een goede positie tussen zit.;;;
Simply Offgrid;Hallo Simply Offgrid,;support@simply-offgrid.nl;off-grid;off-grid;nee;off-grid;Founding Partner van Nomad4Life â eerste jaar kosteloos;autonoom reizen â stroom, water, accu's, zonnepanelen en alles wat je nodig hebt om los te komen van het net. Dat is precies waar onze community de hele dag mee bezig is.;https://www.nomad4life.com/campers-vans/off-grid;P.S. Specifiek voor off-grid: deze categorie blijkt onze meest gevraagde, en we houden het aantal vermeldingen per sub-categorie (stroom, water, accu's, zonnepanelen, accessoires) bewust beperkt. Op die manier valt iedere partner op in plaats van te verdrinken in een rij logo's. Een paar plekken zijn inmiddels toegezegd â fijn als we elkaar snel kunnen spreken om te kijken of er voor jullie nog een goede positie tussen zit.;;;
Solar Bouwmarkt;Hallo Solar Bouwmarkt,;info@solarbouwmarkt.nl;off-grid;off-grid;nee;service off-grid;Founding Partner van Nomad4Life â eerste jaar kosteloos;autonoom reizen â stroom, water, accu's, zonnepanelen en alles wat je nodig hebt om los te komen van het net. Dat is precies waar onze community de hele dag mee bezig is.;https://www.nomad4life.com/campers-vans/off-grid;P.S. Specifiek voor off-grid: deze categorie blijkt onze meest gevraagde, en we houden het aantal vermeldingen per sub-categorie (stroom, water, accu's, zonnepanelen, accessoires) bewust beperkt. Op die manier valt iedere partner op in plaats van te verdrinken in een rij logo's. Een paar plekken zijn inmiddels toegezegd â fijn als we elkaar snel kunnen spreken om te kijken of er voor jullie nog een goede positie tussen zit.;;;
Solar Power Supply;Hallo Solar Power Supply,;info@solarpowersupply.nl;off-grid;off-grid;nee;off-grid;Founding Partner van Nomad4Life â eerste jaar kosteloos;autonoom reizen â stroom, water, accu's, zonnepanelen en alles wat je nodig hebt om los te komen van het net. Dat is precies waar onze community de hele dag mee bezig is.;https://www.nomad4life.com/campers-vans/off-grid;P.S. Specifiek voor off-grid: deze categorie blijkt onze meest gevraagde, en we houden het aantal vermeldingen per sub-categorie (stroom, water, accu's, zonnepanelen, accessoires) bewust beperkt. Op die manier valt iedere partner op in plaats van te verdrinken in een rij logo's. Een paar plekken zijn inmiddels toegezegd â fijn als we elkaar snel kunnen spreken om te kijken of er voor jullie nog een goede positie tussen zit.;;;
Solarmobile;Hallo Solarmobile,;info@solarmobile.nl;off-grid;off-grid;nee;service off-grid;Founding Partner van Nomad4Life â eerste jaar kosteloos;autonoom reizen â stroom, water, accu's, zonnepanelen en alles wat je nodig hebt om los te komen van het net. Dat is precies waar onze community de hele dag mee bezig is.;https://www.nomad4life.com/campers-vans/off-grid;P.S. Specifiek voor off-grid: deze categorie blijkt onze meest gevraagde, en we houden het aantal vermeldingen per sub-categorie (stroom, water, accu's, zonnepanelen, accessoires) bewust beperkt. Op die manier valt iedere partner op in plaats van te verdrinken in een rij logo's. Een paar plekken zijn inmiddels toegezegd â fijn als we elkaar snel kunnen spreken om te kijken of er voor jullie nog een goede positie tussen zit.;;;
Standkachel.nu;Hallo Standkachel.nu,;info@standkachel.nu;off-grid;off-grid;nee;off-grid;Founding Partner van Nomad4Life â eerste jaar kosteloos;autonoom reizen â stroom, water, accu's, zonnepanelen en alles wat je nodig hebt om los te komen van het net. Dat is precies waar onze community de hele dag mee bezig is.;https://www.nomad4life.com/campers-vans/off-grid;P.S. Specifiek voor off-grid: deze categorie blijkt onze meest gevraagde, en we houden het aantal vermeldingen per sub-categorie (stroom, water, accu's, zonnepanelen, accessoires) bewust beperkt. Op die manier valt iedere partner op in plaats van te verdrinken in een rij logo's. Een paar plekken zijn inmiddels toegezegd â fijn als we elkaar snel kunnen spreken om te kijken of er voor jullie nog een goede positie tussen zit.;;;
Standkachels.nl;Hallo Standkachels.nl,;info@standkachels.nl;off-grid;off-grid;nee;off-grid;Founding Partner van Nomad4Life â eerste jaar kosteloos;autonoom reizen â stroom, water, accu's, zonnepanelen en alles wat je nodig hebt om los te komen van het net. Dat is precies waar onze community de hele dag mee bezig is.;https://www.nomad4life.com/campers-vans/off-grid;P.S. Specifiek voor off-grid: deze categorie blijkt onze meest gevraagde, en we houden het aantal vermeldingen per sub-categorie (stroom, water, accu's, zonnepanelen, accessoires) bewust beperkt. Op die manier valt iedere partner op in plaats van te verdrinken in een rij logo's. Een paar plekken zijn inmiddels toegezegd â fijn als we elkaar snel kunnen spreken om te kijken of er voor jullie nog een goede positie tussen zit.;;;
Sunstore Nederland;Hallo Sunstore Nederland,;info@sunstore.nl;off-grid;off-grid;nee;service off-grid;Founding Partner van Nomad4Life â eerste jaar kosteloos;autonoom reizen â stroom, water, accu's, zonnepanelen en alles wat je nodig hebt om los te komen van het net. Dat is precies waar onze community de hele dag mee bezig is.;https://www.nomad4life.com/campers-vans/off-grid;P.S. Specifiek voor off-grid: deze categorie blijkt onze meest gevraagde, en we houden het aantal vermeldingen per sub-categorie (stroom, water, accu's, zonnepanelen, accessoires) bewust beperkt. Op die manier valt iedere partner op in plaats van te verdrinken in een rij logo's. Een paar plekken zijn inmiddels toegezegd â fijn als we elkaar snel kunnen spreken om te kijken of er voor jullie nog een goede positie tussen zit.;;;
Super B;Hallo Super B,;info@super-b.com;off-grid;off-grid;nee;service off-grid;Founding Partner van Nomad4Life â eerste jaar kosteloos;autonoom reizen â stroom, water, accu's, zonnepanelen en alles wat je nodig hebt om los te komen van het net. Dat is precies waar onze community de hele dag mee bezig is.;https://www.nomad4life.com/campers-vans/off-grid;P.S. Specifiek voor off-grid: deze categorie blijkt onze meest gevraagde, en we houden het aantal vermeldingen per sub-categorie (stroom, water, accu's, zonnepanelen, accessoires) bewust beperkt. Op die manier valt iedere partner op in plaats van te verdrinken in een rij logo's. Een paar plekken zijn inmiddels toegezegd â fijn als we elkaar snel kunnen spreken om te kijken of er voor jullie nog een goede positie tussen zit.;;;
Thetford;Hallo Thetford,;info@thetford.eu;off-grid;off-grid;nee;service off-grid;Founding Partner van Nomad4Life â eerste jaar kosteloos;autonoom reizen â stroom, water, accu's, zonnepanelen en alles wat je nodig hebt om los te komen van het net. Dat is precies waar onze community de hele dag mee bezig is.;https://www.nomad4life.com/campers-vans/off-grid;P.S. Specifiek voor off-grid: deze categorie blijkt onze meest gevraagde, en we houden het aantal vermeldingen per sub-categorie (stroom, water, accu's, zonnepanelen, accessoires) bewust beperkt. Op die manier valt iedere partner op in plaats van te verdrinken in een rij logo's. Een paar plekken zijn inmiddels toegezegd â fijn als we elkaar snel kunnen spreken om te kijken of er voor jullie nog een goede positie tussen zit.;;;
Truma;Hallo Truma,;info@truma.com;off-grid;off-grid;nee;service off-grid;Founding Partner van Nomad4Life â eerste jaar kosteloos;autonoom reizen â stroom, water, accu's, zonnepanelen en alles wat je nodig hebt om los te komen van het net. Dat is precies waar onze community de hele dag mee bezig is.;https://www.nomad4life.com/campers-vans/off-grid;P.S. Specifiek voor off-grid: deze categorie blijkt onze meest gevraagde, en we houden het aantal vermeldingen per sub-categorie (stroom, water, accu's, zonnepanelen, accessoires) bewust beperkt. Op die manier valt iedere partner op in plaats van te verdrinken in een rij logo's. Een paar plekken zijn inmiddels toegezegd â fijn als we elkaar snel kunnen spreken om te kijken of er voor jullie nog een goede positie tussen zit.;;;
Uw Camper Op Maat;Hallo Uw Camper Op Maat,;info@uwcamperopmaat.nl;off-grid;off-grid;nee;service off-grid;Founding Partner van Nomad4Life â eerste jaar kosteloos;autonoom reizen â stroom, water, accu's, zonnepanelen en alles wat je nodig hebt om los te komen van het net. Dat is precies waar onze community de hele dag mee bezig is.;https://www.nomad4life.com/campers-vans/off-grid;P.S. Specifiek voor off-grid: deze categorie blijkt onze meest gevraagde, en we houden het aantal vermeldingen per sub-categorie (stroom, water, accu's, zonnepanelen, accessoires) bewust beperkt. Op die manier valt iedere partner op in plaats van te verdrinken in een rij logo's. Een paar plekken zijn inmiddels toegezegd â fijn als we elkaar snel kunnen spreken om te kijken of er voor jullie nog een goede positie tussen zit.;;;
VAN-Jorn;Hallo VAN-Jorn,;info@vanjorn.com;off-grid;off-grid;nee;service off-grid;Founding Partner van Nomad4Life â eerste jaar kosteloos;autonoom reizen â stroom, water, accu's, zonnepanelen en alles wat je nodig hebt om los te komen van het net. Dat is precies waar onze community de hele dag mee bezig is.;https://www.nomad4life.com/campers-vans/off-grid;P.S. Specifiek voor off-grid: deze categorie blijkt onze meest gevraagde, en we houden het aantal vermeldingen per sub-categorie (stroom, water, accu's, zonnepanelen, accessoires) bewust beperkt. Op die manier valt iedere partner op in plaats van te verdrinken in een rij logo's. Een paar plekken zijn inmiddels toegezegd â fijn als we elkaar snel kunnen spreken om te kijken of er voor jullie nog een goede positie tussen zit.;;;
Vanlife Power Systems;Hallo Vanlife Power Systems,;info@vanlifepower.nl;off-grid;off-grid;nee;service off-grid;Founding Partner van Nomad4Life â eerste jaar kosteloos;autonoom reizen â stroom, water, accu's, zonnepanelen en alles wat je nodig hebt om los te komen van het net. Dat is precies waar onze community de hele dag mee bezig is.;https://www.nomad4life.com/campers-vans/off-grid;P.S. Specifiek voor off-grid: deze categorie blijkt onze meest gevraagde, en we houden het aantal vermeldingen per sub-categorie (stroom, water, accu's, zonnepanelen, accessoires) bewust beperkt. Op die manier valt iedere partner op in plaats van te verdrinken in een rij logo's. Een paar plekken zijn inmiddels toegezegd â fijn als we elkaar snel kunnen spreken om te kijken of er voor jullie nog een goede positie tussen zit.;;;
Vanlife Water Systems;Hallo Vanlife Water Systems,;info@vanlifewater.nl;off-grid;off-grid;nee;service off-grid;Founding Partner van Nomad4Life â eerste jaar kosteloos;autonoom reizen â stroom, water, accu's, zonnepanelen en alles wat je nodig hebt om los te komen van het net. Dat is precies waar onze community de hele dag mee bezig is.;https://www.nomad4life.com/campers-vans/off-grid;P.S. Specifiek voor off-grid: deze categorie blijkt onze meest gevraagde, en we houden het aantal vermeldingen per sub-categorie (stroom, water, accu's, zonnepanelen, accessoires) bewust beperkt. Op die manier valt iedere partner op in plaats van te verdrinken in een rij logo's. Een paar plekken zijn inmiddels toegezegd â fijn als we elkaar snel kunnen spreken om te kijken of er voor jullie nog een goede positie tussen zit.;;;
Vanstyle Holland;Hallo Vanstyle Holland,;info@vanstyle.nl;off-grid;off-grid;nee;service off-grid;Founding Partner van Nomad4Life â eerste jaar kosteloos;autonoom reizen â stroom, water, accu's, zonnepanelen en alles wat je nodig hebt om los te komen van het net. Dat is precies waar onze community de hele dag mee bezig is.;https://www.nomad4life.com/campers-vans/off-grid;P.S. Specifiek voor off-grid: deze categorie blijkt onze meest gevraagde, en we houden het aantal vermeldingen per sub-categorie (stroom, water, accu's, zonnepanelen, accessoires) bewust beperkt. Op die manier valt iedere partner op in plaats van te verdrinken in een rij logo's. Een paar plekken zijn inmiddels toegezegd â fijn als we elkaar snel kunnen spreken om te kijken of er voor jullie nog een goede positie tussen zit.;;;
VC Trade;Hallo VC Trade,;info@vctrade.nl;off-grid;off-grid;nee;off-grid;Founding Partner van Nomad4Life â eerste jaar kosteloos;autonoom reizen â stroom, water, accu's, zonnepanelen en alles wat je nodig hebt om los te komen van het net. Dat is precies waar onze community de hele dag mee bezig is.;https://www.nomad4life.com/campers-vans/off-grid;P.S. Specifiek voor off-grid: deze categorie blijkt onze meest gevraagde, en we houden het aantal vermeldingen per sub-categorie (stroom, water, accu's, zonnepanelen, accessoires) bewust beperkt. Op die manier valt iedere partner op in plaats van te verdrinken in een rij logo's. Een paar plekken zijn inmiddels toegezegd â fijn als we elkaar snel kunnen spreken om te kijken of er voor jullie nog een goede positie tussen zit.;;;
Victron Energy;Hallo Victron Energy,;sales@victronenergy.com;off-grid;off-grid;nee;service off-grid;Founding Partner van Nomad4Life â eerste jaar kosteloos;autonoom reizen â stroom, water, accu's, zonnepanelen en alles wat je nodig hebt om los te komen van het net. Dat is precies waar onze community de hele dag mee bezig is.;https://www.nomad4life.com/campers-vans/off-grid;P.S. Specifiek voor off-grid: deze categorie blijkt onze meest gevraagde, en we houden het aantal vermeldingen per sub-categorie (stroom, water, accu's, zonnepanelen, accessoires) bewust beperkt. Op die manier valt iedere partner op in plaats van te verdrinken in een rij logo's. Een paar plekken zijn inmiddels toegezegd â fijn als we elkaar snel kunnen spreken om te kijken of er voor jullie nog een goede positie tussen zit.;;;
Vrolijk op Reis;Hallo Vrolijk op Reis,;info@vrolijkopreis.nl;off-grid;off-grid;nee;off-grid;Founding Partner van Nomad4Life â eerste jaar kosteloos;autonoom reizen â stroom, water, accu's, zonnepanelen en alles wat je nodig hebt om los te komen van het net. Dat is precies waar onze community de hele dag mee bezig is.;https://www.nomad4life.com/campers-vans/off-grid;P.S. Specifiek voor off-grid: deze categorie blijkt onze meest gevraagde, en we houden het aantal vermeldingen per sub-categorie (stroom, water, accu's, zonnepanelen, accessoires) bewust beperkt. Op die manier valt iedere partner op in plaats van te verdrinken in een rij logo's. Een paar plekken zijn inmiddels toegezegd â fijn als we elkaar snel kunnen spreken om te kijken of er voor jullie nog een goede positie tussen zit.;;;
Waterfilterexpert;Hallo Waterfilterexpert,;klantenservice@waterfilterexpert.nl;off-grid;off-grid;nee;off-grid;Founding Partner van Nomad4Life â eerste jaar kosteloos;autonoom reizen â stroom, water, accu's, zonnepanelen en alles wat je nodig hebt om los te komen van het net. Dat is precies waar onze community de hele dag mee bezig is.;https://www.nomad4life.com/campers-vans/off-grid;P.S. Specifiek voor off-grid: deze categorie blijkt onze meest gevraagde, en we houden het aantal vermeldingen per sub-categorie (stroom, water, accu's, zonnepanelen, accessoires) bewust beperkt. Op die manier valt iedere partner op in plaats van te verdrinken in een rij logo's. Een paar plekken zijn inmiddels toegezegd â fijn als we elkaar snel kunnen spreken om te kijken of er voor jullie nog een goede positie tussen zit.;;;
Watersportcampershop;Hallo Watersportcampershop,;info@watersportcampershop.nl;off-grid;off-grid;nee;service off-grid;Founding Partner van Nomad4Life â eerste jaar kosteloos;autonoom reizen â stroom, water, accu's, zonnepanelen en alles wat je nodig hebt om los te komen van het net. Dat is precies waar onze community de hele dag mee bezig is.;https://www.nomad4life.com/campers-vans/off-grid;P.S. Specifiek voor off-grid: deze categorie blijkt onze meest gevraagde, en we houden het aantal vermeldingen per sub-categorie (stroom, water, accu's, zonnepanelen, accessoires) bewust beperkt. Op die manier valt iedere partner op in plaats van te verdrinken in een rij logo's. Een paar plekken zijn inmiddels toegezegd â fijn als we elkaar snel kunnen spreken om te kijken of er voor jullie nog een goede positie tussen zit.;;;
Wattuneed Nederland;Hallo Wattuneed Nederland,;info@wattuneed.nl;off-grid;off-grid;nee;service off-grid;Founding Partner van Nomad4Life â eerste jaar kosteloos;autonoom reizen â stroom, water, accu's, zonnepanelen en alles wat je nodig hebt om los te komen van het net. Dat is precies waar onze community de hele dag mee bezig is.;https://www.nomad4life.com/campers-vans/off-grid;P.S. Specifiek voor off-grid: deze categorie blijkt onze meest gevraagde, en we houden het aantal vermeldingen per sub-categorie (stroom, water, accu's, zonnepanelen, accessoires) bewust beperkt. Op die manier valt iedere partner op in plaats van te verdrinken in een rij logo's. Een paar plekken zijn inmiddels toegezegd â fijn als we elkaar snel kunnen spreken om te kijken of er voor jullie nog een goede positie tussen zit.;;;
Webasto;Hallo Webasto,;info@webasto.nl;off-grid;off-grid;nee;service off-grid;Founding Partner van Nomad4Life â eerste jaar kosteloos;autonoom reizen â stroom, water, accu's, zonnepanelen en alles wat je nodig hebt om los te komen van het net. Dat is precies waar onze community de hele dag mee bezig is.;https://www.nomad4life.com/campers-vans/off-grid;P.S. Specifiek voor off-grid: deze categorie blijkt onze meest gevraagde, en we houden het aantal vermeldingen per sub-categorie (stroom, water, accu's, zonnepanelen, accessoires) bewust beperkt. Op die manier valt iedere partner op in plaats van te verdrinken in een rij logo's. Een paar plekken zijn inmiddels toegezegd â fijn als we elkaar snel kunnen spreken om te kijken of er voor jullie nog een goede positie tussen zit.;;;
Whale;Hallo Whale,;info@whalepumps.com;off-grid;off-grid;nee;service off-grid;Founding Partner van Nomad4Life â eerste jaar kosteloos;autonoom reizen â stroom, water, accu's, zonnepanelen en alles wat je nodig hebt om los te komen van het net. Dat is precies waar onze community de hele dag mee bezig is.;https://www.nomad4life.com/campers-vans/off-grid;P.S. Specifiek voor off-grid: deze categorie blijkt onze meest gevraagde, en we houden het aantal vermeldingen per sub-categorie (stroom, water, accu's, zonnepanelen, accessoires) bewust beperkt. Op die manier valt iedere partner op in plaats van te verdrinken in een rij logo's. Een paar plekken zijn inmiddels toegezegd â fijn als we elkaar snel kunnen spreken om te kijken of er voor jullie nog een goede positie tussen zit.;;;
Ziezotec Electronics;Hallo Ziezotec Electronics,;info@ziezotec.nl;off-grid;off-grid;nee;off-grid;Founding Partner van Nomad4Life â eerste jaar kosteloos;autonoom reizen â stroom, water, accu's, zonnepanelen en alles wat je nodig hebt om los te komen van het net. Dat is precies waar onze community de hele dag mee bezig is.;https://www.nomad4life.com/campers-vans/off-grid;P.S. Specifiek voor off-grid: deze categorie blijkt onze meest gevraagde, en we houden het aantal vermeldingen per sub-categorie (stroom, water, accu's, zonnepanelen, accessoires) bewust beperkt. Op die manier valt iedere partner op in plaats van te verdrinken in een rij logo's. Een paar plekken zijn inmiddels toegezegd â fijn als we elkaar snel kunnen spreken om te kijken of er voor jullie nog een goede positie tussen zit.;;;
Zonnepaneel Super;Hallo Zonnepaneel Super,;info@zonnepaneelsuper.nl;off-grid;off-grid;nee;service off-grid;Founding Partner van Nomad4Life â eerste jaar kosteloos;autonoom reizen â stroom, water, accu's, zonnepanelen en alles wat je nodig hebt om los te komen van het net. Dat is precies waar onze community de hele dag mee bezig is.;https://www.nomad4life.com/campers-vans/off-grid;P.S. Specifiek voor off-grid: deze categorie blijkt onze meest gevraagde, en we houden het aantal vermeldingen per sub-categorie (stroom, water, accu's, zonnepanelen, accessoires) bewust beperkt. Op die manier valt iedere partner op in plaats van te verdrinken in een rij logo's. Een paar plekken zijn inmiddels toegezegd â fijn als we elkaar snel kunnen spreken om te kijken of er voor jullie nog een goede positie tussen zit.;;;
4WD Specialist (Vanlife);Hallo 4WD Specialist (Vanlife),;info@4wdspecialist.nl;inbouw;inbouw;nee;inbouw;Founding Partner van Nomad4Life â eerste jaar kosteloos;professionele camperinbouw. Vakwerk dat een leven lang meegaat is voor onze leden geen luxe maar het uitgangspunt â en daar passen jullie precies bij.;https://www.nomad4life.com/campers-vans/inbouw;;;;
Buitenga Campers;Hallo Buitenga Campers,;info@buitenga-campers.nl;inbouw;inbouw;nee;inbouw;Founding Partner van Nomad4Life â eerste jaar kosteloos;professionele camperinbouw. Vakwerk dat een leven lang meegaat is voor onze leden geen luxe maar het uitgangspunt â en daar passen jullie precies bij.;https://www.nomad4life.com/campers-vans/inbouw;;;;
Buscraft;Hallo Buscraft,;info@buscraft.be;inbouw;inbouw;nee;inbouw;Founding Partner van Nomad4Life â eerste jaar kosteloos;professionele camperinbouw. Vakwerk dat een leven lang meegaat is voor onze leden geen luxe maar het uitgangspunt â en daar passen jullie precies bij.;https://www.nomad4life.com/campers-vans/inbouw;;;;
BusOK;Hallo BusOK,;info@busok.nl;inbouw;inbouw;nee;inbouw;Founding Partner van Nomad4Life â eerste jaar kosteloos;professionele camperinbouw. Vakwerk dat een leven lang meegaat is voor onze leden geen luxe maar het uitgangspunt â en daar passen jullie precies bij.;https://www.nomad4life.com/campers-vans/inbouw;;;;
C'est la Vie Campers;Hallo C'est la Vie Campers,;vakantie@cestlaviecampers.nl;inbouw;inbouw;nee;inbouw;Founding Partner van Nomad4Life â eerste jaar kosteloos;professionele camperinbouw. Vakwerk dat een leven lang meegaat is voor onze leden geen luxe maar het uitgangspunt â en daar passen jullie precies bij.;https://www.nomad4life.com/campers-vans/inbouw;;;;
Camper Compleet;Hallo Camper Compleet,;info@commercive.nl;inbouw;inbouw;nee;inbouw;Founding Partner van Nomad4Life â eerste jaar kosteloos;professionele camperinbouw. Vakwerk dat een leven lang meegaat is voor onze leden geen luxe maar het uitgangspunt â en daar passen jullie precies bij.;https://www.nomad4life.com/campers-vans/inbouw;;;;
Camper71;Hallo Camper71,;info@camper71.nl;inbouw;inbouw;nee;inbouw;Founding Partner van Nomad4Life â eerste jaar kosteloos;professionele camperinbouw. Vakwerk dat een leven lang meegaat is voor onze leden geen luxe maar het uitgangspunt â en daar passen jullie precies bij.;https://www.nomad4life.com/campers-vans/inbouw;;;;
Camperbouw Nederland;Hallo Camperbouw Nederland,;info@camperbouwnederland.nl;inbouw;inbouw;nee;inbouw;Founding Partner van Nomad4Life â eerste jaar kosteloos;professionele camperinbouw. Vakwerk dat een leven lang meegaat is voor onze leden geen luxe maar het uitgangspunt â en daar passen jullie precies bij.;https://www.nomad4life.com/campers-vans/inbouw;;;;
Camperpunt Van Herpen;Hallo Camperpunt Van Herpen,;info@autopuntvanherpen.nl;inbouw;inbouw;nee;inbouw;Founding Partner van Nomad4Life â eerste jaar kosteloos;professionele camperinbouw. Vakwerk dat een leven lang meegaat is voor onze leden geen luxe maar het uitgangspunt â en daar passen jullie precies bij.;https://www.nomad4life.com/campers-vans/inbouw;;;;
Customcamp;Hallo Customcamp,;info@customcamp.nl;inbouw;inbouw;nee;inbouw;Founding Partner van Nomad4Life â eerste jaar kosteloos;professionele camperinbouw. Vakwerk dat een leven lang meegaat is voor onze leden geen luxe maar het uitgangspunt â en daar passen jullie precies bij.;https://www.nomad4life.com/campers-vans/inbouw;;;;
De Vantast;Hallo De Vantast,;info@devantast.nl;inbouw;inbouw;nee;inbouw;Founding Partner van Nomad4Life â eerste jaar kosteloos;professionele camperinbouw. Vakwerk dat een leven lang meegaat is voor onze leden geen luxe maar het uitgangspunt â en daar passen jullie precies bij.;https://www.nomad4life.com/campers-vans/inbouw;;;;
Mijn Honck Camperbouw;Hallo Mijn Honck Camperbouw,;mijnhonck@gmail.com;inbouw;inbouw;nee;inbouw;Founding Partner van Nomad4Life â eerste jaar kosteloos;professionele camperinbouw. Vakwerk dat een leven lang meegaat is voor onze leden geen luxe maar het uitgangspunt â en daar passen jullie precies bij.;https://www.nomad4life.com/campers-vans/inbouw;;;;
Overland Campers;Hallo Overland Campers,;info@overlandcampers.nl;inbouw;inbouw;nee;inbouw;Founding Partner van Nomad4Life â eerste jaar kosteloos;professionele camperinbouw. Vakwerk dat een leven lang meegaat is voor onze leden geen luxe maar het uitgangspunt â en daar passen jullie precies bij.;https://www.nomad4life.com/campers-vans/inbouw;;;;
Roadtrip Campers;Hallo Roadtrip Campers,;roadtripcampers.nl@gmail.com;inbouw;inbouw;nee;inbouw;Founding Partner van Nomad4Life â eerste jaar kosteloos;professionele camperinbouw. Vakwerk dat een leven lang meegaat is voor onze leden geen luxe maar het uitgangspunt â en daar passen jullie precies bij.;https://www.nomad4life.com/campers-vans/inbouw;;;;
Routegoesting;Hallo Routegoesting,;info@routegoesting.be;inbouw;inbouw;nee;inbouw;Founding Partner van Nomad4Life â eerste jaar kosteloos;professionele camperinbouw. Vakwerk dat een leven lang meegaat is voor onze leden geen luxe maar het uitgangspunt â en daar passen jullie precies bij.;https://www.nomad4life.com/campers-vans/inbouw;;;;
RVO Cars;Hallo RVO Cars,;info@rvo-homologatie.be;inbouw;inbouw;nee;inbouw;Founding Partner van Nomad4Life â eerste jaar kosteloos;professionele camperinbouw. Vakwerk dat een leven lang meegaat is voor onze leden geen luxe maar het uitgangspunt â en daar passen jullie precies bij.;https://www.nomad4life.com/campers-vans/inbouw;;;;
Termeer Campers;Hallo Termeer Campers,;info@termeercampers.nl;inbouw;inbouw;nee;inbouw;Founding Partner van Nomad4Life â eerste jaar kosteloos;professionele camperinbouw. Vakwerk dat een leven lang meegaat is voor onze leden geen luxe maar het uitgangspunt â en daar passen jullie precies bij.;https://www.nomad4life.com/campers-vans/inbouw;;;;
Van Bus Tot Camper;Hallo Van Bus Tot Camper,;info@vanbustotcamper.nl;inbouw;inbouw;nee;inbouw;Founding Partner van Nomad4Life â eerste jaar kosteloos;professionele camperinbouw. Vakwerk dat een leven lang meegaat is voor onze leden geen luxe maar het uitgangspunt â en daar passen jullie precies bij.;https://www.nomad4life.com/campers-vans/inbouw;;;;
Vanderer;Hallo Vanderer,;contact@vanderer.be;inbouw;inbouw;nee;inbouw;Founding Partner van Nomad4Life â eerste jaar kosteloos;professionele camperinbouw. Vakwerk dat een leven lang meegaat is voor onze leden geen luxe maar het uitgangspunt â en daar passen jullie precies bij.;https://www.nomad4life.com/campers-vans/inbouw;;;;
Vandra;Hallo Vandra,;info@vandra.be;inbouw;inbouw;nee;inbouw;Founding Partner van Nomad4Life â eerste jaar kosteloos;professionele camperinbouw. Vakwerk dat een leven lang meegaat is voor onze leden geen luxe maar het uitgangspunt â en daar passen jullie precies bij.;https://www.nomad4life.com/campers-vans/inbouw;;;;
Vantrack;Hallo Vantrack,;hello@vantrack.camp;inbouw;inbouw;nee;inbouw;Founding Partner van Nomad4Life â eerste jaar kosteloos;professionele camperinbouw. Vakwerk dat een leven lang meegaat is voor onze leden geen luxe maar het uitgangspunt â en daar passen jullie precies bij.;https://www.nomad4life.com/campers-vans/inbouw;;;;
Camper Together;Hallo Camper Together,;karinenmaikel@campertogether.nl;verhuur;verhuur;nee;verhuur;Founding Partner van Nomad4Life â eerste jaar kosteloos;het huren van een camper of bus. Veel van onze leden beginnen hun reis met huren voordat ze investeren â en goede verhuurders zijn dan goud waard.;https://www.nomad4life.com/campers-vans/verhuur;;;;
Camper Travel Fun;Hallo Camper Travel Fun,;info@campertravelfun.nl;verhuur;verhuur;nee;verhuur;Founding Partner van Nomad4Life â eerste jaar kosteloos;het huren van een camper of bus. Veel van onze leden beginnen hun reis met huren voordat ze investeren â en goede verhuurders zijn dan goud waard.;https://www.nomad4life.com/campers-vans/verhuur;;;;
Campera Camperverhuur;Hallo Campera Camperverhuur,;info@camperacamperverhuur.nl;verhuur;verhuur;nee;verhuur;Founding Partner van Nomad4Life â eerste jaar kosteloos;het huren van een camper of bus. Veel van onze leden beginnen hun reis met huren voordat ze investeren â en goede verhuurders zijn dan goud waard.;https://www.nomad4life.com/campers-vans/verhuur;;;;
Camperdeluxe;Hallo Camperdeluxe,;info@camperdeluxe.nl;verhuur;verhuur;nee;verhuur;Founding Partner van Nomad4Life â eerste jaar kosteloos;het huren van een camper of bus. Veel van onze leden beginnen hun reis met huren voordat ze investeren â en goede verhuurders zijn dan goud waard.;https://www.nomad4life.com/campers-vans/verhuur;;;;
Camperhuren.nl;Hallo Camperhuren.nl,;info@camperhuren.nl;verhuur;verhuur;nee;verhuur;Founding Partner van Nomad4Life â eerste jaar kosteloos;het huren van een camper of bus. Veel van onze leden beginnen hun reis met huren voordat ze investeren â en goede verhuurders zijn dan goud waard.;https://www.nomad4life.com/campers-vans/verhuur;;;;
Camperverhuur West-Holland;Hallo Camperverhuur West-Holland,;verhuur@camperverhuurwestholland.nl;verhuur;verhuur;nee;verhuur;Founding Partner van Nomad4Life â eerste jaar kosteloos;het huren van een camper of bus. Veel van onze leden beginnen hun reis met huren voordat ze investeren â en goede verhuurders zijn dan goud waard.;https://www.nomad4life.com/campers-vans/verhuur;;;;
CTM Motorhomes;Hallo CTM Motorhomes,;info@ctmmotorhomes.be;verhuur;verhuur;nee;verhuur;Founding Partner van Nomad4Life â eerste jaar kosteloos;het huren van een camper of bus. Veel van onze leden beginnen hun reis met huren voordat ze investeren â en goede verhuurders zijn dan goud waard.;https://www.nomad4life.com/campers-vans/verhuur;;;;
De Camper Club;Hallo De Camper Club,;hallo@decamperclub.nl;verhuur;verhuur;nee;verhuur;Founding Partner van Nomad4Life â eerste jaar kosteloos;het huren van een camper of bus. Veel van onze leden beginnen hun reis met huren voordat ze investeren â en goede verhuurders zijn dan goud waard.;https://www.nomad4life.com/campers-vans/verhuur;;;;
De Leukste Camper;Hallo De Leukste Camper,;verkoop@deleukstecamper.nl;verhuur;verhuur;nee;verhuur;Founding Partner van Nomad4Life â eerste jaar kosteloos;het huren van een camper of bus. Veel van onze leden beginnen hun reis met huren voordat ze investeren â en goede verhuurders zijn dan goud waard.;https://www.nomad4life.com/campers-vans/verhuur;;;;
Duijndam Delft Campers;Hallo Duijndam Delft Campers,;verkoop@ddcampers.nl;verhuur;verhuur;nee;verhuur;Founding Partner van Nomad4Life â eerste jaar kosteloos;het huren van een camper of bus. Veel van onze leden beginnen hun reis met huren voordat ze investeren â en goede verhuurders zijn dan goud waard.;https://www.nomad4life.com/campers-vans/verhuur;;;;
Friesland Campers;Hallo Friesland Campers,;info@frieslandcampers.nl;verhuur;verhuur;nee;verhuur;Founding Partner van Nomad4Life â eerste jaar kosteloos;het huren van een camper of bus. Veel van onze leden beginnen hun reis met huren voordat ze investeren â en goede verhuurders zijn dan goud waard.;https://www.nomad4life.com/campers-vans/verhuur;;;;
Goboony;Hallo Goboony,;info@goboony.com;verhuur;verhuur;nee;verhuur;Founding Partner van Nomad4Life â eerste jaar kosteloos;het huren van een camper of bus. Veel van onze leden beginnen hun reis met huren voordat ze investeren â en goede verhuurders zijn dan goud waard.;https://www.nomad4life.com/campers-vans/verhuur;;;;
Goboony BE;Hallo Goboony BE,;info@goboony.com;verhuur;verhuur;nee;verhuur;Founding Partner van Nomad4Life â eerste jaar kosteloos;het huren van een camper of bus. Veel van onze leden beginnen hun reis met huren voordat ze investeren â en goede verhuurders zijn dan goud waard.;https://www.nomad4life.com/campers-vans/verhuur;;;;
Haffkamp Campers;Hallo Haffkamp Campers,;info@haffkamp.eu;verhuur;verhuur;nee;verhuur;Founding Partner van Nomad4Life â eerste jaar kosteloos;het huren van een camper of bus. Veel van onze leden beginnen hun reis met huren voordat ze investeren â en goede verhuurders zijn dan goud waard.;https://www.nomad4life.com/campers-vans/verhuur;;;;
Indie Campers;Hallo Indie Campers,;rentmyrv@indiecampers.com;verhuur;verhuur;nee;verhuur;Founding Partner van Nomad4Life â eerste jaar kosteloos;het huren van een camper of bus. Veel van onze leden beginnen hun reis met huren voordat ze investeren â en goede verhuurders zijn dan goud waard.;https://www.nomad4life.com/campers-vans/verhuur;;;;
PaulCamper;Hallo PaulCamper,;hallo@paulcamper.nl;verhuur;verhuur;nee;verhuur;Founding Partner van Nomad4Life â eerste jaar kosteloos;het huren van een camper of bus. Veel van onze leden beginnen hun reis met huren voordat ze investeren â en goede verhuurders zijn dan goud waard.;https://www.nomad4life.com/campers-vans/verhuur;;;;
Randstad Campers;Hallo Randstad Campers,;info@randstadcampers.nl;verhuur;verhuur;nee;verhuur;Founding Partner van Nomad4Life â eerste jaar kosteloos;het huren van een camper of bus. Veel van onze leden beginnen hun reis met huren voordat ze investeren â en goede verhuurders zijn dan goud waard.;https://www.nomad4life.com/campers-vans/verhuur;;;;
SnappCar;Hallo SnappCar,;support@snappcar.bl;verhuur;verhuur;nee;verhuur;Founding Partner van Nomad4Life â eerste jaar kosteloos;het huren van een camper of bus. Veel van onze leden beginnen hun reis met huren voordat ze investeren â en goede verhuurders zijn dan goud waard.;https://www.nomad4life.com/campers-vans/verhuur;;;;
The VAN Company;Hallo The VAN Company,;info@thevancompany.be;verhuur;verhuur;nee;verhuur;Founding Partner van Nomad4Life â eerste jaar kosteloos;het huren van een camper of bus. Veel van onze leden beginnen hun reis met huren voordat ze investeren â en goede verhuurders zijn dan goud waard.;https://www.nomad4life.com/campers-vans/verhuur;;;;
Travel On Wheels;Hallo Travel On Wheels,;info@travelonwheels.be;verhuur;verhuur;nee;verhuur;Founding Partner van Nomad4Life â eerste jaar kosteloos;het huren van een camper of bus. Veel van onze leden beginnen hun reis met huren voordat ze investeren â en goede verhuurders zijn dan goud waard.;https://www.nomad4life.com/campers-vans/verhuur;;;;
Yescapa;Hallo Yescapa,;contact@yescapa.com;verhuur;verhuur;nee;verhuur;Founding Partner van Nomad4Life â eerste jaar kosteloos;het huren van een camper of bus. Veel van onze leden beginnen hun reis met huren voordat ze investeren â en goede verhuurders zijn dan goud waard.;https://www.nomad4life.com/campers-vans/verhuur;;;;
All Campers;Hallo All Campers,;info@allcampers.nl;aanschaf;aanschaf;nee;aanschaf;Samenwerking Nomad4Life: nieuw platform voor camperaars;het kopen van hun eerste of volgende camper. Dat is voor de meesten een serieuze investering, en betrouwbare aanbieders maken het verschil.;https://www.nomad4life.com/campers-vans/aanschaf;;;;
Averesch Campers;Hallo Averesch Campers,;info@avereschcampers.nl;aanschaf;aanschaf;nee;aanschaf;Samenwerking Nomad4Life: nieuw platform voor camperaars;het kopen van hun eerste of volgende camper. Dat is voor de meesten een serieuze investering, en betrouwbare aanbieders maken het verschil.;https://www.nomad4life.com/campers-vans/aanschaf;;;;
Bakker Campers;Hallo Bakker Campers,;info@bakker-campers.nl;aanschaf;aanschaf;nee;aanschaf;Samenwerking Nomad4Life: nieuw platform voor camperaars;het kopen van hun eerste of volgende camper. Dat is voor de meesten een serieuze investering, en betrouwbare aanbieders maken het verschil.;https://www.nomad4life.com/campers-vans/aanschaf;;;;
Bosma Campers;Hallo Bosma Campers,;info@bosmacampers.nl;aanschaf;aanschaf;nee;aanschaf;Samenwerking Nomad4Life: nieuw platform voor camperaars;het kopen van hun eerste of volgende camper. Dat is voor de meesten een serieuze investering, en betrouwbare aanbieders maken het verschil.;https://www.nomad4life.com/campers-vans/aanschaf;;;;
Camper Company;Hallo Camper Company,;info@camper-company.nl;aanschaf;aanschaf;nee;aanschaf;Samenwerking Nomad4Life: nieuw platform voor camperaars;het kopen van hun eerste of volgende camper. Dat is voor de meesten een serieuze investering, en betrouwbare aanbieders maken het verschil.;https://www.nomad4life.com/campers-vans/aanschaf;;;;
Campergallery;Hallo Campergallery,;shane@campergallery.nl;aanschaf;aanschaf;nee;aanschaf;Samenwerking Nomad4Life: nieuw platform voor camperaars;het kopen van hun eerste of volgende camper. Dat is voor de meesten een serieuze investering, en betrouwbare aanbieders maken het verschil.;https://www.nomad4life.com/campers-vans/aanschaf;;;;
Camperland;Hallo Camperland,;info@mobiledrome.nl;aanschaf;aanschaf;nee;aanschaf;Samenwerking Nomad4Life: nieuw platform voor camperaars;het kopen van hun eerste of volgende camper. Dat is voor de meesten een serieuze investering, en betrouwbare aanbieders maken het verschil.;https://www.nomad4life.com/campers-vans/aanschaf;;;;
CamperShowroom;Hallo CamperShowroom,;info@campershowroom.nl;aanschaf;aanschaf;nee;aanschaf;Samenwerking Nomad4Life: nieuw platform voor camperaars;het kopen van hun eerste of volgende camper. Dat is voor de meesten een serieuze investering, en betrouwbare aanbieders maken het verschil.;https://www.nomad4life.com/campers-vans/aanschaf;;;;
Campersite.nl;Hallo Campersite.nl,;info@campersite.nl;aanschaf;aanschaf;nee;aanschaf;Samenwerking Nomad4Life: nieuw platform voor camperaars;het kopen van hun eerste of volgende camper. Dat is voor de meesten een serieuze investering, en betrouwbare aanbieders maken het verschil.;https://www.nomad4life.com/campers-vans/aanschaf;;;;
Campirama;Hallo Campirama,;info@campirama.be;aanschaf;aanschaf;nee;aanschaf;Samenwerking Nomad4Life: nieuw platform voor camperaars;het kopen van hun eerste of volgende camper. Dat is voor de meesten een serieuze investering, en betrouwbare aanbieders maken het verschil.;https://www.nomad4life.com/campers-vans/aanschaf;;;;
Campolife;Hallo Campolife,;info@campolife.nl;aanschaf;aanschaf;nee;aanschaf;Samenwerking Nomad4Life: nieuw platform voor camperaars;het kopen van hun eerste of volgende camper. Dat is voor de meesten een serieuze investering, en betrouwbare aanbieders maken het verschil.;https://www.nomad4life.com/campers-vans/aanschaf;;;;
Caravaning Verbeeck;Hallo Caravaning Verbeeck,;info@caravaningverbeeck.be;aanschaf;aanschaf;nee;aanschaf;Samenwerking Nomad4Life: nieuw platform voor camperaars;het kopen van hun eerste of volgende camper. Dat is voor de meesten een serieuze investering, en betrouwbare aanbieders maken het verschil.;https://www.nomad4life.com/campers-vans/aanschaf;;;;
DD Mobilhomes;Hallo DD Mobilhomes,;info@ddmobilhomes.be;aanschaf;aanschaf;nee;aanschaf;Samenwerking Nomad4Life: nieuw platform voor camperaars;het kopen van hun eerste of volgende camper. Dat is voor de meesten een serieuze investering, en betrouwbare aanbieders maken het verschil.;https://www.nomad4life.com/campers-vans/aanschaf;;;;
Drents Camperhuis;Hallo Drents Camperhuis,;info@drentscamperhuis.nl;aanschaf;aanschaf;nee;aanschaf;Samenwerking Nomad4Life: nieuw platform voor camperaars;het kopen van hun eerste of volgende camper. Dat is voor de meesten een serieuze investering, en betrouwbare aanbieders maken het verschil.;https://www.nomad4life.com/campers-vans/aanschaf;;;;
Driebond Campers;Hallo Driebond Campers,;info@driebondcampers.nl;aanschaf;aanschaf;nee;aanschaf;Samenwerking Nomad4Life: nieuw platform voor camperaars;het kopen van hun eerste of volgende camper. Dat is voor de meesten een serieuze investering, en betrouwbare aanbieders maken het verschil.;https://www.nomad4life.com/campers-vans/aanschaf;;;;
Eurotrek Campers;Hallo Eurotrek Campers,;info@eurotrek.nl;aanschaf;aanschaf;nee;aanschaf;Samenwerking Nomad4Life: nieuw platform voor camperaars;het kopen van hun eerste of volgende camper. Dat is voor de meesten een serieuze investering, en betrouwbare aanbieders maken het verschil.;https://www.nomad4life.com/campers-vans/aanschaf;;;;
Holtkamp-West;Hallo Holtkamp-West,;info@holtkampdewiers.nl;aanschaf;aanschaf;nee;aanschaf;Samenwerking Nomad4Life: nieuw platform voor camperaars;het kopen van hun eerste of volgende camper. Dat is voor de meesten een serieuze investering, en betrouwbare aanbieders maken het verschil.;https://www.nomad4life.com/campers-vans/aanschaf;;;;
Mobiledrôme;Hallo Mobiledrôme,;info@mobiledrome.nl;aanschaf;aanschaf;nee;aanschaf;Samenwerking Nomad4Life: nieuw platform voor camperaars;het kopen van hun eerste of volgende camper. Dat is voor de meesten een serieuze investering, en betrouwbare aanbieders maken het verschil.;https://www.nomad4life.com/campers-vans/aanschaf;;;;
Morelo Campers Nederland;Hallo Morelo Campers Nederland,;info@morelo.nl;aanschaf;aanschaf;nee;aanschaf;Samenwerking Nomad4Life: nieuw platform voor camperaars;het kopen van hun eerste of volgende camper. Dat is voor de meesten een serieuze investering, en betrouwbare aanbieders maken het verschil.;https://www.nomad4life.com/campers-vans/aanschaf;;;;
Rico Recreatie;Hallo Rico Recreatie,;info@ricorecreatie.nl;aanschaf;aanschaf;nee;aanschaf;Samenwerking Nomad4Life: nieuw platform voor camperaars;het kopen van hun eerste of volgende camper. Dat is voor de meesten een serieuze investering, en betrouwbare aanbieders maken het verschil.;https://www.nomad4life.com/campers-vans/aanschaf;;;;
Rijmaran;Hallo Rijmaran,;info@rijmaran.be;aanschaf;aanschaf;nee;aanschaf;Samenwerking Nomad4Life: nieuw platform voor camperaars;het kopen van hun eerste of volgende camper. Dat is voor de meesten een serieuze investering, en betrouwbare aanbieders maken het verschil.;https://www.nomad4life.com/campers-vans/aanschaf;;;;
Taekema Campers;Hallo Taekema Campers,;info@taekemacampers.nl;aanschaf;aanschaf;nee;aanschaf;Samenwerking Nomad4Life: nieuw platform voor camperaars;het kopen van hun eerste of volgende camper. Dat is voor de meesten een serieuze investering, en betrouwbare aanbieders maken het verschil.;https://www.nomad4life.com/campers-vans/aanschaf;;;;
Van Acht Campers;Hallo Van Acht Campers,;info@vanacht-campers.nl;aanschaf;aanschaf;nee;aanschaf;Samenwerking Nomad4Life: nieuw platform voor camperaars;het kopen van hun eerste of volgende camper. Dat is voor de meesten een serieuze investering, en betrouwbare aanbieders maken het verschil.;https://www.nomad4life.com/campers-vans/aanschaf;;;;
Van Erp Campers;Hallo Van Erp Campers,;info@vanerpcampers.nl;aanschaf;aanschaf;nee;aanschaf;Samenwerking Nomad4Life: nieuw platform voor camperaars;het kopen van hun eerste of volgende camper. Dat is voor de meesten een serieuze investering, en betrouwbare aanbieders maken het verschil.;https://www.nomad4life.com/campers-vans/aanschaf;;;;
ACT Glerum;Hallo ACT Glerum,;info@actglerum.nl;keuring;keuring;nee;keuring;Samenwerking Nomad4Life: nieuw platform voor camperaars;APK en camperkeuring. Onze leden willen veilig op pad, en goede keuringsbedrijven die de camperwereld kennen zijn schaarser dan je zou denken.;https://www.nomad4life.com/campers-vans/keuring;;;;
Autocoach;Hallo Autocoach,;service@autocoach.nl;keuring;keuring;nee;keuring;Samenwerking Nomad4Life: nieuw platform voor camperaars;APK en camperkeuring. Onze leden willen veilig op pad, en goede keuringsbedrijven die de camperwereld kennen zijn schaarser dan je zou denken.;https://www.nomad4life.com/campers-vans/keuring;;;;
Autoservice Roden;Hallo Autoservice Roden,;info@autoserviceroden.nl;keuring;keuring;nee;keuring;Samenwerking Nomad4Life: nieuw platform voor camperaars;APK en camperkeuring. Onze leden willen veilig op pad, en goede keuringsbedrijven die de camperwereld kennen zijn schaarser dan je zou denken.;https://www.nomad4life.com/campers-vans/keuring;;;;
Bakker Bedrijfswagens;Hallo Bakker Bedrijfswagens,;directie@bakker-bedrijfswagens.nl;keuring;keuring;nee;keuring;Samenwerking Nomad4Life: nieuw platform voor camperaars;APK en camperkeuring. Onze leden willen veilig op pad, en goede keuringsbedrijven die de camperwereld kennen zijn schaarser dan je zou denken.;https://www.nomad4life.com/campers-vans/keuring;;;;
Camper- & Caravan Service Heerle;Hallo Camper- & Caravan Service Heerle,;info@deblaaij.nl;keuring;keuring;nee;keuring;Samenwerking Nomad4Life: nieuw platform voor camperaars;APK en camperkeuring. Onze leden willen veilig op pad, en goede keuringsbedrijven die de camperwereld kennen zijn schaarser dan je zou denken.;https://www.nomad4life.com/campers-vans/keuring;;;;
Camperfriends;Hallo Camperfriends,;info@camperfriends.be;keuring;keuring;nee;keuring;Samenwerking Nomad4Life: nieuw platform voor camperaars;APK en camperkeuring. Onze leden willen veilig op pad, en goede keuringsbedrijven die de camperwereld kennen zijn schaarser dan je zou denken.;https://www.nomad4life.com/campers-vans/keuring;;;;
Camperhost;Hallo Camperhost,;info@camperhost.nl;keuring;keuring;nee;keuring;Samenwerking Nomad4Life: nieuw platform voor camperaars;APK en camperkeuring. Onze leden willen veilig op pad, en goede keuringsbedrijven die de camperwereld kennen zijn schaarser dan je zou denken.;https://www.nomad4life.com/campers-vans/keuring;;;;
Campolife (Heinenoord);Hallo Campolife (Heinenoord),;info@campolife.nl;keuring;keuring;nee;keuring;Samenwerking Nomad4Life: nieuw platform voor camperaars;APK en camperkeuring. Onze leden willen veilig op pad, en goede keuringsbedrijven die de camperwereld kennen zijn schaarser dan je zou denken.;https://www.nomad4life.com/campers-vans/keuring;;;;
Caravanhost;Hallo Caravanhost,;info@caravanhost.nl;keuring;keuring;nee;keuring;Samenwerking Nomad4Life: nieuw platform voor camperaars;APK en camperkeuring. Onze leden willen veilig op pad, en goede keuringsbedrijven die de camperwereld kennen zijn schaarser dan je zou denken.;https://www.nomad4life.com/campers-vans/keuring;;;;
CCR Lemmer;Hallo CCR Lemmer,;info@ccrlemmer.nl;keuring;keuring;nee;keuring;Samenwerking Nomad4Life: nieuw platform voor camperaars;APK en camperkeuring. Onze leden willen veilig op pad, en goede keuringsbedrijven die de camperwereld kennen zijn schaarser dan je zou denken.;https://www.nomad4life.com/campers-vans/keuring;;;;
Coppens Rekreatie;Hallo Coppens Rekreatie,;info@coppensrekreatie.nl;keuring;keuring;nee;keuring;Samenwerking Nomad4Life: nieuw platform voor camperaars;APK en camperkeuring. Onze leden willen veilig op pad, en goede keuringsbedrijven die de camperwereld kennen zijn schaarser dan je zou denken.;https://www.nomad4life.com/campers-vans/keuring;;;;
DEKRA Nederland;Hallo DEKRA Nederland,;techniek.automotive.nl@dekra.com;keuring;keuring;nee;keuring;Samenwerking Nomad4Life: nieuw platform voor camperaars;APK en camperkeuring. Onze leden willen veilig op pad, en goede keuringsbedrijven die de camperwereld kennen zijn schaarser dan je zou denken.;https://www.nomad4life.com/campers-vans/keuring;;;;
Henk Pen Caravans;Hallo Henk Pen Caravans,;info@henkpen.nl;keuring;keuring;nee;keuring;Samenwerking Nomad4Life: nieuw platform voor camperaars;APK en camperkeuring. Onze leden willen veilig op pad, en goede keuringsbedrijven die de camperwereld kennen zijn schaarser dan je zou denken.;https://www.nomad4life.com/campers-vans/keuring;;;;
Jan Krul Caravans;Hallo Jan Krul Caravans,;werkplaats@jankrul.nl;keuring;keuring;nee;keuring;Samenwerking Nomad4Life: nieuw platform voor camperaars;APK en camperkeuring. Onze leden willen veilig op pad, en goede keuringsbedrijven die de camperwereld kennen zijn schaarser dan je zou denken.;https://www.nomad4life.com/campers-vans/keuring;;;;
LPG Techniek Van Meenen;Hallo LPG Techniek Van Meenen,;vanmeenen@vanmeenen.com;keuring;keuring;nee;keuring;Samenwerking Nomad4Life: nieuw platform voor camperaars;APK en camperkeuring. Onze leden willen veilig op pad, en goede keuringsbedrijven die de camperwereld kennen zijn schaarser dan je zou denken.;https://www.nomad4life.com/campers-vans/keuring;;;;
Mastenbroek Auto's;Hallo Mastenbroek Auto's,;info@mastenbroekautos.nl;keuring;keuring;nee;keuring;Samenwerking Nomad4Life: nieuw platform voor camperaars;APK en camperkeuring. Onze leden willen veilig op pad, en goede keuringsbedrijven die de camperwereld kennen zijn schaarser dan je zou denken.;https://www.nomad4life.com/campers-vans/keuring;;;;
Occasionkeuring Nederland;Hallo Occasionkeuring Nederland,;info@renewmyid.nl;keuring;keuring;nee;keuring;Samenwerking Nomad4Life: nieuw platform voor camperaars;APK en camperkeuring. Onze leden willen veilig op pad, en goede keuringsbedrijven die de camperwereld kennen zijn schaarser dan je zou denken.;https://www.nomad4life.com/campers-vans/keuring;;;;
Pen Caravans Enschede;Hallo Pen Caravans Enschede,;verkoop@pencaravan.nl;keuring;keuring;nee;keuring;Samenwerking Nomad4Life: nieuw platform voor camperaars;APK en camperkeuring. Onze leden willen veilig op pad, en goede keuringsbedrijven die de camperwereld kennen zijn schaarser dan je zou denken.;https://www.nomad4life.com/campers-vans/keuring;;;;
Profile Tyrecenter;Hallo Profile Tyrecenter,;info@profile.nl;keuring;keuring;nee;keuring;Samenwerking Nomad4Life: nieuw platform voor camperaars;APK en camperkeuring. Onze leden willen veilig op pad, en goede keuringsbedrijven die de camperwereld kennen zijn schaarser dan je zou denken.;https://www.nomad4life.com/campers-vans/keuring;;;;
Van den Bosch Service;Hallo Van den Bosch Service,;info@vandenbosch-service.nl;keuring;keuring;nee;keuring;Samenwerking Nomad4Life: nieuw platform voor camperaars;APK en camperkeuring. Onze leden willen veilig op pad, en goede keuringsbedrijven die de camperwereld kennen zijn schaarser dan je zou denken.;https://www.nomad4life.com/campers-vans/keuring;;;;
Van der Vaart Caravans en Campers;Hallo Van der Vaart Caravans en Campers,;info@vdvaart.nl;keuring;keuring;nee;keuring;Samenwerking Nomad4Life: nieuw platform voor camperaars;APK en camperkeuring. Onze leden willen veilig op pad, en goede keuringsbedrijven die de camperwereld kennen zijn schaarser dan je zou denken.;https://www.nomad4life.com/campers-vans/keuring;;;;
Vanomobil;Hallo Vanomobil,;deerlijk@vanomobil.be;keuring;keuring;nee;keuring;Samenwerking Nomad4Life: nieuw platform voor camperaars;APK en camperkeuring. Onze leden willen veilig op pad, en goede keuringsbedrijven die de camperwereld kennen zijn schaarser dan je zou denken.;https://www.nomad4life.com/campers-vans/keuring;;;;
WAMO;Hallo WAMO,;info@wamo.nl;keuring;keuring;nee;keuring;Samenwerking Nomad4Life: nieuw platform voor camperaars;APK en camperkeuring. Onze leden willen veilig op pad, en goede keuringsbedrijven die de camperwereld kennen zijn schaarser dan je zou denken.;https://www.nomad4life.com/campers-vans/keuring;;;;
ACSI Verzekeringen;Hallo ACSI Verzekeringen,;info@acsiverzekeringen.nl;verzekeringen;verzekeringen;nee;verzekeringen;Voorstel partnerprogramma â Nomad4Life (camper- en vanlife-platform);verzekeringen voor onderweg. Een passende, eerlijke camperverzekering is niet vanzelfsprekend â onze leden vragen er regelmatig naar.;https://www.nomad4life.com/campers-vans/verzekeringen;;;;
AG Insurance;Hallo AG Insurance,;AG_DPO@aginsurance.be;verzekeringen;verzekeringen;nee;verzekeringen;Voorstel partnerprogramma â Nomad4Life (camper- en vanlife-platform);verzekeringen voor onderweg. Een passende, eerlijke camperverzekering is niet vanzelfsprekend â onze leden vragen er regelmatig naar.;https://www.nomad4life.com/campers-vans/verzekeringen;;;;
Alpina.nl;Hallo Alpina.nl,;info.online@alpina.nl;verzekeringen;verzekeringen;nee;verzekeringen;Voorstel partnerprogramma â Nomad4Life (camper- en vanlife-platform);verzekeringen voor onderweg. Een passende, eerlijke camperverzekering is niet vanzelfsprekend â onze leden vragen er regelmatig naar.;https://www.nomad4life.com/campers-vans/verzekeringen;;;;
Depremievergelijker;Hallo Depremievergelijker,;info@depremievergelijker.nl;verzekeringen;verzekeringen;nee;verzekeringen;Voorstel partnerprogramma â Nomad4Life (camper- en vanlife-platform);verzekeringen voor onderweg. Een passende, eerlijke camperverzekering is niet vanzelfsprekend â onze leden vragen er regelmatig naar.;https://www.nomad4life.com/campers-vans/verzekeringen;;;;
Ethias;Hallo Ethias,;klachtenbeheer@ethias.be;verzekeringen;verzekeringen;nee;verzekeringen;Voorstel partnerprogramma â Nomad4Life (camper- en vanlife-platform);verzekeringen voor onderweg. Een passende, eerlijke camperverzekering is niet vanzelfsprekend â onze leden vragen er regelmatig naar.;https://www.nomad4life.com/campers-vans/verzekeringen;;;;
Europees Assurantie Kantoor;Hallo Europees Assurantie Kantoor,;info@eak.be;verzekeringen;verzekeringen;nee;verzekeringen;Voorstel partnerprogramma â Nomad4Life (camper- en vanlife-platform);verzekeringen voor onderweg. Een passende, eerlijke camperverzekering is niet vanzelfsprekend â onze leden vragen er regelmatig naar.;https://www.nomad4life.com/campers-vans/verzekeringen;;;;
Europeesche / Vlaamse Kampeertoeristen;Hallo Europeesche / Vlaamse Kampeertoeristen,;verzekeringen@vkt.be;verzekeringen;verzekeringen;nee;verzekeringen;Voorstel partnerprogramma â Nomad4Life (camper- en vanlife-platform);verzekeringen voor onderweg. Een passende, eerlijke camperverzekering is niet vanzelfsprekend â onze leden vragen er regelmatig naar.;https://www.nomad4life.com/campers-vans/verzekeringen;;;;
Europeesche Verzekeringen;Hallo Europeesche Verzekeringen,;nabestaandendesk@asr.nl;verzekeringen;verzekeringen;nee;verzekeringen;Voorstel partnerprogramma â Nomad4Life (camper- en vanlife-platform);verzekeringen voor onderweg. Een passende, eerlijke camperverzekering is niet vanzelfsprekend â onze leden vragen er regelmatig naar.;https://www.nomad4life.com/campers-vans/verzekeringen;;;;
Groep LB Verzekeringen;Hallo Groep LB Verzekeringen,;info@lb.nl;verzekeringen;verzekeringen;nee;verzekeringen;Voorstel partnerprogramma â Nomad4Life (camper- en vanlife-platform);verzekeringen voor onderweg. Een passende, eerlijke camperverzekering is niet vanzelfsprekend â onze leden vragen er regelmatig naar.;https://www.nomad4life.com/campers-vans/verzekeringen;;;;
Klap Caravan- en Camperverzekeringen;Hallo Klap Caravan- en Camperverzekeringen,;info@klap.com;verzekeringen;verzekeringen;nee;verzekeringen;Voorstel partnerprogramma â Nomad4Life (camper- en vanlife-platform);verzekeringen voor onderweg. Een passende, eerlijke camperverzekering is niet vanzelfsprekend â onze leden vragen er regelmatig naar.;https://www.nomad4life.com/campers-vans/verzekeringen;;;;
P&V Verzekeringen;Hallo P&V Verzekeringen,;dpo@pvgroup.be;verzekeringen;verzekeringen;nee;verzekeringen;Voorstel partnerprogramma â Nomad4Life (camper- en vanlife-platform);verzekeringen voor onderweg. Een passende, eerlijke camperverzekering is niet vanzelfsprekend â onze leden vragen er regelmatig naar.;https://www.nomad4life.com/campers-vans/verzekeringen;;;;
Pasar (verzekering via DVV);Hallo Pasar (verzekering via DVV),;info@pasar.be;verzekeringen;verzekeringen;nee;verzekeringen;Voorstel partnerprogramma â Nomad4Life (camper- en vanlife-platform);verzekeringen voor onderweg. Een passende, eerlijke camperverzekering is niet vanzelfsprekend â onze leden vragen er regelmatig naar.;https://www.nomad4life.com/campers-vans/verzekeringen;;;;
Sluitsnel.nl;Hallo Sluitsnel.nl,;info@sluitsnel.nl;verzekeringen;verzekeringen;nee;verzekeringen;Voorstel partnerprogramma â Nomad4Life (camper- en vanlife-platform);verzekeringen voor onderweg. Een passende, eerlijke camperverzekering is niet vanzelfsprekend â onze leden vragen er regelmatig naar.;https://www.nomad4life.com/campers-vans/verzekeringen;;;;
Touring;Hallo Touring,;info@touring.be;verzekeringen;verzekeringen;nee;verzekeringen;Voorstel partnerprogramma â Nomad4Life (camper- en vanlife-platform);verzekeringen voor onderweg. Een passende, eerlijke camperverzekering is niet vanzelfsprekend â onze leden vragen er regelmatig naar.;https://www.nomad4life.com/campers-vans/verzekeringen;;;;
Veenstra & de Jong Assurantiën;Hallo Veenstra & de Jong Assurantiën,;info@veenstradejong.nl;verzekeringen;verzekeringen;nee;verzekeringen;Voorstel partnerprogramma â Nomad4Life (camper- en vanlife-platform);verzekeringen voor onderweg. Een passende, eerlijke camperverzekering is niet vanzelfsprekend â onze leden vragen er regelmatig naar.;https://www.nomad4life.com/campers-vans/verzekeringen;;;;
Aart Camperinbouw;Hallo Aart Camperinbouw,;info@aartcamperinbouw.nl;multi;inbouw, off-grid;ja;inbouw, service off-grid;Samenwerking Nomad4Life: nieuw platform voor camperaars;camper- en vanlife-oplossingen die meerdere kanten op gaan. Dat brede aanbod is precies wat onze veelzijdige community waardeert â onze leden hebben aan één partij vaak meer dan genoeg.;https://www.nomad4life.com/campers-vans/inbouw;P.S. Specifiek voor off-grid: deze categorie blijkt onze meest gevraagde, en we houden het aantal vermeldingen per sub-categorie (stroom, water, accu's, zonnepanelen, accessoires) bewust beperkt. Op die manier valt iedere partner op in plaats van te verdrinken in een rij logo's. Een paar plekken zijn inmiddels toegezegd â fijn als we elkaar snel kunnen spreken om te kijken of er voor jullie nog een goede positie tussen zit.;;;
Atrion Camperbouw;Hallo Atrion Camperbouw,;info@jpcamperbouw.nl;multi;inbouw, off-grid;ja;inbouw, service off-grid;Samenwerking Nomad4Life: nieuw platform voor camperaars;camper- en vanlife-oplossingen die meerdere kanten op gaan. Dat brede aanbod is precies wat onze veelzijdige community waardeert â onze leden hebben aan één partij vaak meer dan genoeg.;https://www.nomad4life.com/campers-vans/inbouw;P.S. Specifiek voor off-grid: deze categorie blijkt onze meest gevraagde, en we houden het aantal vermeldingen per sub-categorie (stroom, water, accu's, zonnepanelen, accessoires) bewust beperkt. Op die manier valt iedere partner op in plaats van te verdrinken in een rij logo's. Een paar plekken zijn inmiddels toegezegd â fijn als we elkaar snel kunnen spreken om te kijken of er voor jullie nog een goede positie tussen zit.;;;
Buscamper Nederland;Hallo Buscamper Nederland,;info@buscamper.nl;multi;aanschaf, inbouw, off-grid;ja;aanschaf, inbouw, service off-grid;Samenwerking Nomad4Life: nieuw platform voor camperaars;camper- en vanlife-oplossingen die meerdere kanten op gaan. Dat brede aanbod is precies wat onze veelzijdige community waardeert â onze leden hebben aan één partij vaak meer dan genoeg.;https://www.nomad4life.com/campers-vans/inbouw;P.S. Specifiek voor off-grid: deze categorie blijkt onze meest gevraagde, en we houden het aantal vermeldingen per sub-categorie (stroom, water, accu's, zonnepanelen, accessoires) bewust beperkt. Op die manier valt iedere partner op in plaats van te verdrinken in een rij logo's. Een paar plekken zijn inmiddels toegezegd â fijn als we elkaar snel kunnen spreken om te kijken of er voor jullie nog een goede positie tussen zit.;;;
Buscamper Op Maat;Hallo Buscamper Op Maat,;verkoop@buscamperopmaat.nl;multi;inbouw, off-grid;ja;inbouw, service off-grid;Samenwerking Nomad4Life: nieuw platform voor camperaars;camper- en vanlife-oplossingen die meerdere kanten op gaan. Dat brede aanbod is precies wat onze veelzijdige community waardeert â onze leden hebben aan één partij vaak meer dan genoeg.;https://www.nomad4life.com/campers-vans/inbouw;P.S. Specifiek voor off-grid: deze categorie blijkt onze meest gevraagde, en we houden het aantal vermeldingen per sub-categorie (stroom, water, accu's, zonnepanelen, accessoires) bewust beperkt. Op die manier valt iedere partner op in plaats van te verdrinken in een rij logo's. Een paar plekken zijn inmiddels toegezegd â fijn als we elkaar snel kunnen spreken om te kijken of er voor jullie nog een goede positie tussen zit.;;;
Camperverzekerd;Hallo Camperverzekerd,;info@camperverzekerd.nl;multi;keuring, verzekeringen;ja;keuring, verzekeringen;Samenwerking Nomad4Life: nieuw platform voor camperaars;camper- en vanlife-oplossingen die meerdere kanten op gaan. Dat brede aanbod is precies wat onze veelzijdige community waardeert â onze leden hebben aan één partij vaak meer dan genoeg.;https://www.nomad4life.com/campers-vans/keuring;;;;
Dicar Motorhomes;Hallo Dicar Motorhomes,;atelier@dicar.be;multi;aanschaf, verhuur;ja;aanschaf, verhuur;Samenwerking Nomad4Life: nieuw platform voor camperaars;camper- en vanlife-oplossingen die meerdere kanten op gaan. Dat brede aanbod is precies wat onze veelzijdige community waardeert â onze leden hebben aan één partij vaak meer dan genoeg.;https://www.nomad4life.com/campers-vans/aanschaf;;;;
HOP Custom Campers;Hallo HOP Custom Campers,;Contact@hopcustomcampers.nl;multi;inbouw, off-grid;ja;inbouw, service off-grid;Samenwerking Nomad4Life: nieuw platform voor camperaars;camper- en vanlife-oplossingen die meerdere kanten op gaan. Dat brede aanbod is precies wat onze veelzijdige community waardeert â onze leden hebben aan één partij vaak meer dan genoeg.;https://www.nomad4life.com/campers-vans/inbouw;P.S. Specifiek voor off-grid: deze categorie blijkt onze meest gevraagde, en we houden het aantal vermeldingen per sub-categorie (stroom, water, accu's, zonnepanelen, accessoires) bewust beperkt. Op die manier valt iedere partner op in plaats van te verdrinken in een rij logo's. Een paar plekken zijn inmiddels toegezegd â fijn als we elkaar snel kunnen spreken om te kijken of er voor jullie nog een goede positie tussen zit.;;;
Atrion Camperbouw;Hallo Atrion Camperbouw,;info@jpcamperbouw.nl;multi;inbouw, off-grid;ja;inbouw, service off-grid;Samenwerking Nomad4Life: nieuw platform voor camperaars;camper- en vanlife-oplossingen die meerdere kanten op gaan. Dat brede aanbod is precies wat onze veelzijdige community waardeert â onze leden hebben aan één partij vaak meer dan genoeg.;https://www.nomad4life.com/campers-vans/inbouw;P.S. Specifiek voor off-grid: deze categorie blijkt onze meest gevraagde, en we houden het aantal vermeldingen per sub-categorie (stroom, water, accu's, zonnepanelen, accessoires) bewust beperkt. Op die manier valt iedere partner op in plaats van te verdrinken in een rij logo's. Een paar plekken zijn inmiddels toegezegd â fijn als we elkaar snel kunnen spreken om te kijken of er voor jullie nog een goede positie tussen zit.;;;
Mees Camper Center;Hallo Mees Camper Center,;info@mees.be;multi;inbouw, keuring;ja;inbouw, keuring;Samenwerking Nomad4Life: nieuw platform voor camperaars;camper- en vanlife-oplossingen die meerdere kanten op gaan. Dat brede aanbod is precies wat onze veelzijdige community waardeert â onze leden hebben aan één partij vaak meer dan genoeg.;https://www.nomad4life.com/campers-vans/inbouw;;;;
